file,line,type,commit,author,date,time,timezone,datetime,depth,length
style.css,1,css,b2fe562a,ghostwritten,2025-10-11,12:32:56,+09:00,2025-10-11T12:32:56+09:00,0,3
style.css,2,css,b2fe562a,ghostwritten,2025-10-11,12:32:56,+09:00,2025-10-11T12:32:56+09:00,0,38
style.css,3,css,b2fe562a,ghostwritten,2025-10-11,12:32:56,+09:00,2025-10-11T12:32:56+09:00,0,0
style.css,4,css,b2fe562a,ghostwritten,2025-10-11,12:32:56,+09:00,2025-10-11T12:32:56+09:00,0,0
style.css,5,css,b0c02194,ghostwritten,2025-10-04,06:13:10,+09:00,2025-10-04T06:13:10+09:00,0,2
style.css,6,css,b0c02194,ghostwritten,2025-10-04,06:13:10,+09:00,2025-10-04T06:13:10+09:00,0,41
style.css,7,css,b0c02194,ghostwritten,2025-10-04,06:13:10,+09:00,2025-10-04T06:13:10+09:00,0,40
style.css,8,css,b0c02194,ghostwritten,2025-10-04,06:13:10,+09:00,2025-10-04T06:13:10+09:00,0,0
style.css,9,css,b0c02194,ghostwritten,2025-10-04,06:13:10,+09:00,2025-10-04T06:13:10+09:00,0,21
style.css,10,css,b2fe562a,ghostwritten,2025-10-11,12:32:56,+09:00,2025-10-11T12:32:56+09:00,0,13
style.css,11,css,b2fe562a,ghostwritten,2025-10-11,12:32:56,+09:00,2025-10-11T12:32:56+09:00,0,11
style.css,12,css,b2fe562a,ghostwritten,2025-10-11,12:32:56,+09:00,2025-10-11T12:32:56+09:00,0,12
style.css,13,css,b2fe562a,ghostwritten,2025-10-11,12:32:56,+09:00,2025-10-11T12:32:56+09:00,0,0
style.css,14,css,b2fe562a,ghostwritten,2025-10-11,12:32:56,+09:00,2025-10-11T12:32:56+09:00,0,0
style.css,15,css,b2fe562a,ghostwritten,2025-10-11,12:32:56,+09:00,2025-10-11T12:32:56+09:00,0,4
style.css,16,css,b2fe562a,ghostwritten,2025-10-11,12:32:56,+09:00,2025-10-11T12:32:56+09:00,0,14
style.css,17,css,b2fe562a,ghostwritten,2025-10-11,12:32:56,+09:00,2025-10-11T12:32:56+09:00,0,0
style.css,18,css,b2fe562a,ghostwritten,2025-10-11,12:32:56,+09:00,2025-10-11T12:32:56+09:00,0,0
style.css,19,css,b2fe562a,ghostwritten,2025-10-11,12:32:56,+09:00,2025-10-11T12:32:56+09:00,0,1
style.css,20,css,b2fe562a,ghostwritten,2025-10-11,12:32:56,+09:00,2025-10-11T12:32:56+09:00,0,10
style.css,21,css,b2fe562a,ghostwritten,2025-10-11,12:32:56,+09:00,2025-10-11T12:32:56+09:00,0,15
style.css,22,css,b2fe562a,ghostwritten,2025-10-11,12:32:56,+09:00,2025-10-11T12:32:56+09:00,0,21
style.css,23,css,b2fe562a,ghostwritten,2025-10-11,12:32:56,+09:00,2025-10-11T12:32:56+09:00,0,23
style.css,24,css,0fcca2d8,ghostwritten,2025-10-18,13:54:52,+09:00,2025-10-18T13:54:52+09:00,0,42
style.css,25,css,b2fe562a,ghostwritten,2025-10-11,12:32:56,+09:00,2025-10-11T12:32:56+09:00,0,0
style.css,26,css,b2fe562a,ghostwritten,2025-10-11,12:32:56,+09:00,2025-10-11T12:32:56+09:00,0,0
style.css,27,css,b2fe562a,ghostwritten,2025-10-11,12:32:56,+09:00,2025-10-11T12:32:56+09:00,0,3
style.css,28,css,b2fe562a,ghostwritten,2025-10-11,12:32:56,+09:00,2025-10-11T12:32:56+09:00,0,4
style.css,29,css,b2fe562a,ghostwritten,2025-10-11,12:32:56,+09:00,2025-10-11T12:32:56+09:00,0,18
style.css,30,css,b2fe562a,ghostwritten,2025-10-11,12:32:56,+09:00,2025-10-11T12:32:56+09:00,0,11
style.css,31,css,b2fe562a,ghostwritten,2025-10-11,12:32:56,+09:00,2025-10-11T12:32:56+09:00,0,15
style.css,32,css,b2fe562a,ghostwritten,2025-10-11,12:32:56,+09:00,2025-10-11T12:32:56+09:00,0,11
style.css,33,css,b2fe562a,ghostwritten,2025-10-11,12:32:56,+09:00,2025-10-11T12:32:56+09:00,0,0
style.css,34,css,b2fe562a,ghostwritten,2025-10-11,12:32:56,+09:00,2025-10-11T12:32:56+09:00,0,0
style.css,35,css,b2fe562a,ghostwritten,2025-10-11,12:32:56,+09:00,2025-10-11T12:32:56+09:00,0,9
style.css,36,css,b2fe562a,ghostwritten,2025-10-11,12:32:56,+09:00,2025-10-11T12:32:56+09:00,0,43
style.css,37,css,0fcca2d8,ghostwritten,2025-10-18,13:54:52,+09:00,2025-10-18T13:54:52+09:00,0,67
style.css,38,css,b2fe562a,ghostwritten,2025-10-11,12:32:56,+09:00,2025-10-11T12:32:56+09:00,0,32
style.css,39,css,b2fe562a,ghostwritten,2025-10-11,12:32:56,+09:00,2025-10-11T12:32:56+09:00,0,0
style.css,40,css,b2fe562a,ghostwritten,2025-10-11,12:32:56,+09:00,2025-10-11T12:32:56+09:00,0,0
style.css,41,css,b2fe562a,ghostwritten,2025-10-11,12:32:56,+09:00,2025-10-11T12:32:56+09:00,0,11
style.css,42,css,b2fe562a,ghostwritten,2025-10-11,12:32:56,+09:00,2025-10-11T12:32:56+09:00,0,23
style.css,43,css,b2fe562a,ghostwritten,2025-10-11,12:32:56,+09:00,2025-10-11T12:32:56+09:00,0,23
style.css,44,css,0fcca2d8,ghostwritten,2025-10-18,13:54:52,+09:00,2025-10-18T13:54:52+09:00,0,50
style.css,45,css,b2fe562a,ghostwritten,2025-10-11,12:32:56,+09:00,2025-10-11T12:32:56+09:00,0,31
style.css,46,css,b2fe562a,ghostwritten,2025-10-11,12:32:56,+09:00,2025-10-11T12:32:56+09:00,0,0
style.css,47,css,b2fe562a,ghostwritten,2025-10-11,12:32:56,+09:00,2025-10-11T12:32:56+09:00,0,0
style.css,48,css,b2fe562a,ghostwritten,2025-10-11,12:32:56,+09:00,2025-10-11T12:32:56+09:00,0,2
style.css,49,css,b2fe562a,ghostwritten,2025-10-11,12:32:56,+09:00,2025-10-11T12:32:56+09:00,0,5
style.css,50,css,b2fe562a,ghostwritten,2025-10-11,12:32:56,+09:00,2025-10-11T12:32:56+09:00,0,4
style.css,51,css,b2fe562a,ghostwritten,2025-10-11,12:32:56,+09:00,2025-10-11T12:32:56+09:00,0,10
style.css,52,css,b2fe562a,ghostwritten,2025-10-11,12:32:56,+09:00,2025-10-11T12:32:56+09:00,0,0
style.css,53,css,b2fe562a,ghostwritten,2025-10-11,12:32:56,+09:00,2025-10-11T12:32:56+09:00,0,0
style.css,54,css,b2fe562a,ghostwritten,2025-10-11,12:32:56,+09:00,2025-10-11T12:32:56+09:00,0,2
style.css,55,css,b2fe562a,ghostwritten,2025-10-11,12:32:56,+09:00,2025-10-11T12:32:56+09:00,0,10
style.css,56,css,b2fe562a,ghostwritten,2025-10-11,12:32:56,+09:00,2025-10-11T12:32:56+09:00,0,28
style.css,57,css,b2fe562a,ghostwritten,2025-10-11,12:32:56,+09:00,2025-10-11T12:32:56+09:00,0,5
style.css,58,css,b2fe562a,ghostwritten,2025-10-11,12:32:56,+09:00,2025-10-11T12:32:56+09:00,0,0
style.css,59,css,b2fe562a,ghostwritten,2025-10-11,12:32:56,+09:00,2025-10-11T12:32:56+09:00,0,0
style.css,60,css,b2fe562a,ghostwritten,2025-10-11,12:32:56,+09:00,2025-10-11T12:32:56+09:00,0,3
style.css,61,css,b2fe562a,ghostwritten,2025-10-11,12:32:56,+09:00,2025-10-11T12:32:56+09:00,0,10
style.css,62,css,b2fe562a,ghostwritten,2025-10-11,12:32:56,+09:00,2025-10-11T12:32:56+09:00,0,27
style.css,63,css,b2fe562a,ghostwritten,2025-10-11,12:32:56,+09:00,2025-10-11T12:32:56+09:00,0,16
style.css,64,css,b2fe562a,ghostwritten,2025-10-11,12:32:56,+09:00,2025-10-11T12:32:56+09:00,0,0
style.css,65,css,b2fe562a,ghostwritten,2025-10-11,12:32:56,+09:00,2025-10-11T12:32:56+09:00,0,0
style.css,66,css,b2fe562a,ghostwritten,2025-10-11,12:32:56,+09:00,2025-10-11T12:32:56+09:00,0,19
style.css,67,css,b2fe562a,ghostwritten,2025-10-11,12:32:56,+09:00,2025-10-11T12:32:56+09:00,0,16
style.css,68,css,b2fe562a,ghostwritten,2025-10-11,12:32:56,+09:00,2025-10-11T12:32:56+09:00,0,0
style.css,69,css,b2fe562a,ghostwritten,2025-10-11,12:32:56,+09:00,2025-10-11T12:32:56+09:00,0,0
style.css,70,css,b2fe562a,ghostwritten,2025-10-11,12:32:56,+09:00,2025-10-11T12:32:56+09:00,0,7
style.css,71,css,b2fe562a,ghostwritten,2025-10-11,12:32:56,+09:00,2025-10-11T12:32:56+09:00,0,10
style.css,72,css,735bc095,ghostwritten,2025-10-25,10:30:36,+09:00,2025-10-25T10:30:36+09:00,0,9
style.css,73,css,735bc095,ghostwritten,2025-10-25,10:30:36,+09:00,2025-10-25T10:30:36+09:00,0,34
style.css,74,css,735bc095,ghostwritten,2025-10-25,10:30:36,+09:00,2025-10-25T10:30:36+09:00,0,15
style.css,75,css,b2fe562a,ghostwritten,2025-10-11,12:32:56,+09:00,2025-10-11T12:32:56+09:00,0,0
style.css,76,css,b2fe562a,ghostwritten,2025-10-11,12:32:56,+09:00,2025-10-11T12:32:56+09:00,0,0
style.css,77,css,735bc095,ghostwritten,2025-10-25,10:30:36,+09:00,2025-10-25T10:30:36+09:00,0,15
style.css,78,css,b2fe562a,ghostwritten,2025-10-11,12:32:56,+09:00,2025-10-11T12:32:56+09:00,0,10
style.css,79,css,735bc095,ghostwritten,2025-10-25,10:30:36,+09:00,2025-10-25T10:30:36+09:00,0,35
style.css,80,css,735bc095,ghostwritten,2025-10-25,10:30:36,+09:00,2025-10-25T10:30:36+09:00,0,13
style.css,81,css,735bc095,ghostwritten,2025-10-25,10:30:36,+09:00,2025-10-25T10:30:36+09:00,0,0
style.css,82,css,735bc095,ghostwritten,2025-10-25,10:30:36,+09:00,2025-10-25T10:30:36+09:00,0,0
style.css,83,css,735bc095,ghostwritten,2025-10-25,10:30:36,+09:00,2025-10-25T10:30:36+09:00,0,53
style.css,84,css,735bc095,ghostwritten,2025-10-25,10:30:36,+09:00,2025-10-25T10:30:36+09:00,0,78
style.css,85,css,735bc095,ghostwritten,2025-10-25,10:30:36,+09:00,2025-10-25T10:30:36+09:00,0,0
style.css,86,css,735bc095,ghostwritten,2025-10-25,10:30:36,+09:00,2025-10-25T10:30:36+09:00,0,12
style.css,87,css,735bc095,ghostwritten,2025-10-25,10:30:36,+09:00,2025-10-25T10:30:36+09:00,0,6
style.css,88,css,735bc095,ghostwritten,2025-10-25,10:30:36,+09:00,2025-10-25T10:30:36+09:00,0,17
style.css,89,css,735bc095,ghostwritten,2025-10-25,10:30:36,+09:00,2025-10-25T10:30:36+09:00,0,20
style.css,90,css,735bc095,ghostwritten,2025-10-25,10:30:36,+09:00,2025-10-25T10:30:36+09:00,0,13
style.css,91,css,735bc095,ghostwritten,2025-10-25,10:30:36,+09:00,2025-10-25T10:30:36+09:00,0,0
style.css,92,css,735bc095,ghostwritten,2025-10-25,10:30:36,+09:00,2025-10-25T10:30:36+09:00,0,0
style.css,93,css,735bc095,ghostwritten,2025-10-25,10:30:36,+09:00,2025-10-25T10:30:36+09:00,0,16
style.css,94,css,735bc095,ghostwritten,2025-10-25,10:30:36,+09:00,2025-10-25T10:30:36+09:00,0,11
style.css,95,css,735bc095,ghostwritten,2025-10-25,10:30:36,+09:00,2025-10-25T10:30:36+09:00,0,8
style.css,96,css,735bc095,ghostwritten,2025-10-25,10:30:36,+09:00,2025-10-25T10:30:36+09:00,0,9
style.css,97,css,735bc095,ghostwritten,2025-10-25,10:30:36,+09:00,2025-10-25T10:30:36+09:00,0,14
style.css,98,css,b2fe562a,ghostwritten,2025-10-11,12:32:56,+09:00,2025-10-11T12:32:56+09:00,0,0
style.css,99,css,b2fe562a,ghostwritten,2025-10-11,12:32:56,+09:00,2025-10-11T12:32:56+09:00,0,0
style.css,100,css,735bc095,ghostwritten,2025-10-25,10:30:36,+09:00,2025-10-25T10:30:36+09:00,0,16
style.css,101,css,735bc095,ghostwritten,2025-10-25,10:30:36,+09:00,2025-10-25T10:30:36+09:00,0,9
style.css,102,css,735bc095,ghostwritten,2025-10-25,10:30:36,+09:00,2025-10-25T10:30:36+09:00,0,10
style.css,103,css,735bc095,ghostwritten,2025-10-25,10:30:36,+09:00,2025-10-25T10:30:36+09:00,0,16
style.css,104,css,735bc095,ghostwritten,2025-10-25,10:30:36,+09:00,2025-10-25T10:30:36+09:00,0,35
style.css,105,css,735bc095,ghostwritten,2025-10-25,10:30:36,+09:00,2025-10-25T10:30:36+09:00,0,29
style.css,106,css,735bc095,ghostwritten,2025-10-25,10:30:36,+09:00,2025-10-25T10:30:36+09:00,0,13
style.css,107,css,735bc095,ghostwritten,2025-10-25,10:30:36,+09:00,2025-10-25T10:30:36+09:00,0,19
style.css,108,css,735bc095,ghostwritten,2025-10-25,10:30:36,+09:00,2025-10-25T10:30:36+09:00,0,0
style.css,109,css,735bc095,ghostwritten,2025-10-25,10:30:36,+09:00,2025-10-25T10:30:36+09:00,0,0
style.css,110,css,735bc095,ghostwritten,2025-10-25,10:30:36,+09:00,2025-10-25T10:30:36+09:00,0,24
style.css,111,css,735bc095,ghostwritten,2025-10-25,10:30:36,+09:00,2025-10-25T10:30:36+09:00,0,0
style.css,112,css,735bc095,ghostwritten,2025-10-25,10:30:36,+09:00,2025-10-25T10:30:36+09:00,0,0
style.css,113,css,b2fe562a,ghostwritten,2025-10-11,12:32:56,+09:00,2025-10-11T12:32:56+09:00,0,0
style.css,114,css,b2fe562a,ghostwritten,2025-10-11,12:32:56,+09:00,2025-10-11T12:32:56+09:00,0,15
style.css,115,css,b2fe562a,ghostwritten,2025-10-11,12:32:56,+09:00,2025-10-11T12:32:56+09:00,0,0
style.css,116,css,b2fe562a,ghostwritten,2025-10-11,12:32:56,+09:00,2025-10-11T12:32:56+09:00,0,0
style.css,117,css,b2fe562a,ghostwritten,2025-10-11,12:32:56,+09:00,2025-10-11T12:32:56+09:00,0,0
style.css,118,css,b2fe562a,ghostwritten,2025-10-11,12:32:56,+09:00,2025-10-11T12:32:56+09:00,0,12
style.css,119,css,b2fe562a,ghostwritten,2025-10-11,12:32:56,+09:00,2025-10-11T12:32:56+09:00,0,14
style.css,120,css,b2fe562a,ghostwritten,2025-10-11,12:32:56,+09:00,2025-10-11T12:32:56+09:00,0,17
style.css,121,css,b2fe562a,ghostwritten,2025-10-11,12:32:56,+09:00,2025-10-11T12:32:56+09:00,0,0
style.css,122,css,b2fe562a,ghostwritten,2025-10-11,12:32:56,+09:00,2025-10-11T12:32:56+09:00,0,0
style.css,123,css,b2fe562a,ghostwritten,2025-10-11,12:32:56,+09:00,2025-10-11T12:32:56+09:00,0,20
style.css,124,css,b2fe562a,ghostwritten,2025-10-11,12:32:56,+09:00,2025-10-11T12:32:56+09:00,0,13
style.css,125,css,b2fe562a,ghostwritten,2025-10-11,12:32:56,+09:00,2025-10-11T12:32:56+09:00,0,15
style.css,126,css,b2fe562a,ghostwritten,2025-10-11,12:32:56,+09:00,2025-10-11T12:32:56+09:00,0,0
style.css,127,css,b2fe562a,ghostwritten,2025-10-11,12:32:56,+09:00,2025-10-11T12:32:56+09:00,0,0
style.css,128,css,b2fe562a,ghostwritten,2025-10-11,12:32:56,+09:00,2025-10-11T12:32:56+09:00,0,5
style.css,129,css,b2fe562a,ghostwritten,2025-10-11,12:32:56,+09:00,2025-10-11T12:32:56+09:00,0,32
style.css,130,css,b2fe562a,ghostwritten,2025-10-11,12:32:56,+09:00,2025-10-11T12:32:56+09:00,0,9
style.css,131,css,b2fe562a,ghostwritten,2025-10-11,12:32:56,+09:00,2025-10-11T12:32:56+09:00,0,8
style.css,132,css,b2fe562a,ghostwritten,2025-10-11,12:32:56,+09:00,2025-10-11T12:32:56+09:00,0,17
style.css,133,css,b2fe562a,ghostwritten,2025-10-11,12:32:56,+09:00,2025-10-11T12:32:56+09:00,0,59
style.css,134,css,b2fe562a,ghostwritten,2025-10-11,12:32:56,+09:00,2025-10-11T12:32:56+09:00,0,0
style.css,135,css,b2fe562a,ghostwritten,2025-10-11,12:32:56,+09:00,2025-10-11T12:32:56+09:00,0,0
style.css,136,css,b2fe562a,ghostwritten,2025-10-11,12:32:56,+09:00,2025-10-11T12:32:56+09:00,0,11
style.css,137,css,b2fe562a,ghostwritten,2025-10-11,12:32:56,+09:00,2025-10-11T12:32:56+09:00,0,30
style.css,138,css,b2fe562a,ghostwritten,2025-10-11,12:32:56,+09:00,2025-10-11T12:32:56+09:00,0,55
style.css,139,css,b2fe562a,ghostwritten,2025-10-11,12:32:56,+09:00,2025-10-11T12:32:56+09:00,0,0
style.css,140,css,b2fe562a,ghostwritten,2025-10-11,12:32:56,+09:00,2025-10-11T12:32:56+09:00,0,0
style.css,141,css,0fcca2d8,ghostwritten,2025-10-18,13:54:52,+09:00,2025-10-18T13:54:52+09:00,0,11
style.css,142,css,0fcca2d8,ghostwritten,2025-10-18,13:54:52,+09:00,2025-10-18T13:54:52+09:00,0,15
style.css,143,css,0fcca2d8,ghostwritten,2025-10-18,13:54:52,+09:00,2025-10-18T13:54:52+09:00,0,6
style.css,144,css,0fcca2d8,ghostwritten,2025-10-18,13:54:52,+09:00,2025-10-18T13:54:52+09:00,0,8
style.css,145,css,0fcca2d8,ghostwritten,2025-10-18,13:54:52,+09:00,2025-10-18T13:54:52+09:00,0,17
style.css,146,css,0fcca2d8,ghostwritten,2025-10-18,13:54:52,+09:00,2025-10-18T13:54:52+09:00,0,14
style.css,147,css,0fcca2d8,ghostwritten,2025-10-18,13:54:52,+09:00,2025-10-18T13:54:52+09:00,0,10
style.css,148,css,0fcca2d8,ghostwritten,2025-10-18,13:54:52,+09:00,2025-10-18T13:54:52+09:00,0,16
style.css,149,css,0fcca2d8,ghostwritten,2025-10-18,13:54:52,+09:00,2025-10-18T13:54:52+09:00,0,9
style.css,150,css,0fcca2d8,ghostwritten,2025-10-18,13:54:52,+09:00,2025-10-18T13:54:52+09:00,0,0
style.css,151,css,0fcca2d8,ghostwritten,2025-10-18,13:54:52,+09:00,2025-10-18T13:54:52+09:00,0,0
style.css,152,css,735bc095,ghostwritten,2025-10-25,10:30:36,+09:00,2025-10-25T10:30:36+09:00,0,9
style.css,153,css,735bc095,ghostwritten,2025-10-25,10:30:36,+09:00,2025-10-25T10:30:36+09:00,0,10
style.css,154,css,735bc095,ghostwritten,2025-10-25,10:30:36,+09:00,2025-10-25T10:30:36+09:00,0,34
style.css,155,css,735bc095,ghostwritten,2025-10-25,10:30:36,+09:00,2025-10-25T10:30:36+09:00,0,15
style.css,156,css,735bc095,ghostwritten,2025-10-25,10:30:36,+09:00,2025-10-25T10:30:36+09:00,0,8
style.css,157,css,735bc095,ghostwritten,2025-10-25,10:30:36,+09:00,2025-10-25T10:30:36+09:00,0,0
style.css,158,css,735bc095,ghostwritten,2025-10-25,10:30:36,+09:00,2025-10-25T10:30:36+09:00,0,0
style.css,159,css,735bc095,ghostwritten,2025-10-25,10:30:36,+09:00,2025-10-25T10:30:36+09:00,0,12
style.css,160,css,735bc095,ghostwritten,2025-10-25,10:30:36,+09:00,2025-10-25T10:30:36+09:00,0,14
style.css,161,css,735bc095,ghostwritten,2025-10-25,10:30:36,+09:00,2025-10-25T10:30:36+09:00,0,8
style.css,162,css,735bc095,ghostwritten,2025-10-25,10:30:36,+09:00,2025-10-25T10:30:36+09:00,0,0
style.css,163,css,735bc095,ghostwritten,2025-10-25,10:30:36,+09:00,2025-10-25T10:30:36+09:00,0,0
style.css,164,css,735bc095,ghostwritten,2025-10-25,10:30:36,+09:00,2025-10-25T10:30:36+09:00,0,12
style.css,165,css,735bc095,ghostwritten,2025-10-25,10:30:36,+09:00,2025-10-25T10:30:36+09:00,0,6
style.css,166,css,735bc095,ghostwritten,2025-10-25,10:30:36,+09:00,2025-10-25T10:30:36+09:00,0,8
style.css,167,css,735bc095,ghostwritten,2025-10-25,10:30:36,+09:00,2025-10-25T10:30:36+09:00,0,0
style.css,168,css,735bc095,ghostwritten,2025-10-25,10:30:36,+09:00,2025-10-25T10:30:36+09:00,0,0
style.css,169,css,735bc095,ghostwritten,2025-10-25,10:30:36,+09:00,2025-10-25T10:30:36+09:00,0,11
style.css,170,css,735bc095,ghostwritten,2025-10-25,10:30:36,+09:00,2025-10-25T10:30:36+09:00,0,11
style.css,171,css,735bc095,ghostwritten,2025-10-25,10:30:36,+09:00,2025-10-25T10:30:36+09:00,0,22
style.css,172,css,735bc095,ghostwritten,2025-10-25,10:30:36,+09:00,2025-10-25T10:30:36+09:00,0,14
style.css,173,css,735bc095,ghostwritten,2025-10-25,10:30:36,+09:00,2025-10-25T10:30:36+09:00,0,8
style.css,174,css,735bc095,ghostwritten,2025-10-25,10:30:36,+09:00,2025-10-25T10:30:36+09:00,0,15
style.css,175,css,735bc095,ghostwritten,2025-10-25,10:30:36,+09:00,2025-10-25T10:30:36+09:00,0,0
style.css,176,css,b2fe562a,ghostwritten,2025-10-11,12:32:56,+09:00,2025-10-11T12:32:56+09:00,0,0
style.css,177,css,978d6d75,ghostwritten,2025-11-01,12:06:39,+09:00,2025-11-01T12:06:39+09:00,0,16
style.css,178,css,978d6d75,ghostwritten,2025-11-01,12:06:39,+09:00,2025-11-01T12:06:39+09:00,0,11
style.css,179,css,978d6d75,ghostwritten,2025-11-01,12:06:39,+09:00,2025-11-01T12:06:39+09:00,0,0
style.css,180,css,b2fe562a,ghostwritten,2025-10-11,12:32:56,+09:00,2025-10-11T12:32:56+09:00,0,0
style.css,181,css,978d6d75,ghostwritten,2025-11-01,12:06:39,+09:00,2025-11-01T12:06:39+09:00,0,5
style.css,182,css,978d6d75,ghostwritten,2025-11-01,12:06:39,+09:00,2025-11-01T12:06:39+09:00,0,10
style.css,183,css,978d6d75,ghostwritten,2025-11-01,12:06:39,+09:00,2025-11-01T12:06:39+09:00,0,45
style.css,184,css,978d6d75,ghostwritten,2025-11-01,12:06:39,+09:00,2025-11-01T12:06:39+09:00,0,16
style.css,185,css,978d6d75,ghostwritten,2025-11-01,12:06:39,+09:00,2025-11-01T12:06:39+09:00,0,8
style.css,186,css,978d6d75,ghostwritten,2025-11-01,12:06:39,+09:00,2025-11-01T12:06:39+09:00,0,6
style.css,187,css,978d6d75,ghostwritten,2025-11-01,12:06:39,+09:00,2025-11-01T12:06:39+09:00,0,22
style.css,188,css,978d6d75,ghostwritten,2025-11-01,12:06:39,+09:00,2025-11-01T12:06:39+09:00,0,15
style.css,189,css,978d6d75,ghostwritten,2025-11-01,12:06:39,+09:00,2025-11-01T12:06:39+09:00,0,18
style.css,190,css,978d6d75,ghostwritten,2025-11-01,12:06:39,+09:00,2025-11-01T12:06:39+09:00,0,12
style.css,191,css,978d6d75,ghostwritten,2025-11-01,12:06:39,+09:00,2025-11-01T12:06:39+09:00,0,6
style.css,192,css,978d6d75,ghostwritten,2025-11-01,12:06:39,+09:00,2025-11-01T12:06:39+09:00,0,19
style.css,193,css,978d6d75,ghostwritten,2025-11-01,12:06:39,+09:00,2025-11-01T12:06:39+09:00,0,0
style.css,194,css,978d6d75,ghostwritten,2025-11-01,12:06:39,+09:00,2025-11-01T12:06:39+09:00,0,0
style.css,195,css,978d6d75,ghostwritten,2025-11-01,12:06:39,+09:00,2025-11-01T12:06:39+09:00,0,10
style.css,196,css,978d6d75,ghostwritten,2025-11-01,12:06:39,+09:00,2025-11-01T12:06:39+09:00,0,17
style.css,197,css,978d6d75,ghostwritten,2025-11-01,12:06:39,+09:00,2025-11-01T12:06:39+09:00,0,16
style.css,198,css,978d6d75,ghostwritten,2025-11-01,12:06:39,+09:00,2025-11-01T12:06:39+09:00,0,8
style.css,199,css,978d6d75,ghostwritten,2025-11-01,12:06:39,+09:00,2025-11-01T12:06:39+09:00,0,12
style.css,200,css,978d6d75,ghostwritten,2025-11-01,12:06:39,+09:00,2025-11-01T12:06:39+09:00,0,0
style.css,201,css,978d6d75,ghostwritten,2025-11-01,12:06:39,+09:00,2025-11-01T12:06:39+09:00,0,0
style.css,202,css,978d6d75,ghostwritten,2025-11-01,12:06:39,+09:00,2025-11-01T12:06:39+09:00,0,13
style.css,203,css,978d6d75,ghostwritten,2025-11-01,12:06:39,+09:00,2025-11-01T12:06:39+09:00,0,8
style.css,204,css,978d6d75,ghostwritten,2025-11-01,12:06:39,+09:00,2025-11-01T12:06:39+09:00,0,16
style.css,205,css,978d6d75,ghostwritten,2025-11-01,12:06:39,+09:00,2025-11-01T12:06:39+09:00,0,21
style.css,206,css,978d6d75,ghostwritten,2025-11-01,12:06:39,+09:00,2025-11-01T12:06:39+09:00,0,18
style.css,207,css,978d6d75,ghostwritten,2025-11-01,12:06:39,+09:00,2025-11-01T12:06:39+09:00,0,15
style.css,208,css,978d6d75,ghostwritten,2025-11-01,12:06:39,+09:00,2025-11-01T12:06:39+09:00,0,30
style.css,209,css,978d6d75,ghostwritten,2025-11-01,12:06:39,+09:00,2025-11-01T12:06:39+09:00,0,0
style.css,210,css,978d6d75,ghostwritten,2025-11-01,12:06:39,+09:00,2025-11-01T12:06:39+09:00,0,0
style.css,211,css,978d6d75,ghostwritten,2025-11-01,12:06:39,+09:00,2025-11-01T12:06:39+09:00,0,8
style.css,212,css,978d6d75,ghostwritten,2025-11-01,12:06:39,+09:00,2025-11-01T12:06:39+09:00,0,15
style.css,213,css,978d6d75,ghostwritten,2025-11-01,12:06:39,+09:00,2025-11-01T12:06:39+09:00,0,9
style.css,214,css,978d6d75,ghostwritten,2025-11-01,12:06:39,+09:00,2025-11-01T12:06:39+09:00,0,0
style.css,215,css,978d6d75,ghostwritten,2025-11-01,12:06:39,+09:00,2025-11-01T12:06:39+09:00,0,0
style.css,216,css,978d6d75,ghostwritten,2025-11-01,12:06:39,+09:00,2025-11-01T12:06:39+09:00,0,4
style.css,217,css,978d6d75,ghostwritten,2025-11-01,12:06:39,+09:00,2025-11-01T12:06:39+09:00,0,10
style.css,218,css,978d6d75,ghostwritten,2025-11-01,12:06:39,+09:00,2025-11-01T12:06:39+09:00,0,29
style.css,219,css,978d6d75,ghostwritten,2025-11-01,12:06:39,+09:00,2025-11-01T12:06:39+09:00,0,16
style.css,220,css,978d6d75,ghostwritten,2025-11-01,12:06:39,+09:00,2025-11-01T12:06:39+09:00,0,9
style.css,221,css,978d6d75,ghostwritten,2025-11-01,12:06:39,+09:00,2025-11-01T12:06:39+09:00,0,17
style.css,222,css,978d6d75,ghostwritten,2025-11-01,12:06:39,+09:00,2025-11-01T12:06:39+09:00,0,12
style.css,223,css,978d6d75,ghostwritten,2025-11-01,12:06:39,+09:00,2025-11-01T12:06:39+09:00,0,0
style.css,224,css,978d6d75,ghostwritten,2025-11-01,12:06:39,+09:00,2025-11-01T12:06:39+09:00,0,0
style.css,225,css,978d6d75,ghostwritten,2025-11-01,12:06:39,+09:00,2025-11-01T12:06:39+09:00,0,8
style.css,226,css,978d6d75,ghostwritten,2025-11-01,12:06:39,+09:00,2025-11-01T12:06:39+09:00,0,11
style.css,227,css,978d6d75,ghostwritten,2025-11-01,12:06:39,+09:00,2025-11-01T12:06:39+09:00,0,8
style.css,228,css,978d6d75,ghostwritten,2025-11-01,12:06:39,+09:00,2025-11-01T12:06:39+09:00,0,19
style.css,229,css,978d6d75,ghostwritten,2025-11-01,12:06:39,+09:00,2025-11-01T12:06:39+09:00,0,20
style.css,230,css,978d6d75,ghostwritten,2025-11-01,12:06:39,+09:00,2025-11-01T12:06:39+09:00,0,12
style.css,231,css,978d6d75,ghostwritten,2025-11-01,12:06:39,+09:00,2025-11-01T12:06:39+09:00,0,19
style.css,232,css,978d6d75,ghostwritten,2025-11-01,12:06:39,+09:00,2025-11-01T12:06:39+09:00,0,18
style.css,233,css,978d6d75,ghostwritten,2025-11-01,12:06:39,+09:00,2025-11-01T12:06:39+09:00,0,10
style.css,234,css,978d6d75,ghostwritten,2025-11-01,12:06:39,+09:00,2025-11-01T12:06:39+09:00,0,31
style.css,235,css,978d6d75,ghostwritten,2025-11-01,12:06:39,+09:00,2025-11-01T12:06:39+09:00,0,0
style.css,236,css,978d6d75,ghostwritten,2025-11-01,12:06:39,+09:00,2025-11-01T12:06:39+09:00,0,0
style.css,237,css,978d6d75,ghostwritten,2025-11-01,12:06:39,+09:00,2025-11-01T12:06:39+09:00,0,14
style.css,238,css,978d6d75,ghostwritten,2025-11-01,12:06:39,+09:00,2025-11-01T12:06:39+09:00,0,30
style.css,239,css,978d6d75,ghostwritten,2025-11-01,12:06:39,+09:00,2025-11-01T12:06:39+09:00,0,0
style.css,240,css,978d6d75,ghostwritten,2025-11-01,12:06:39,+09:00,2025-11-01T12:06:39+09:00,0,0
style.css,241,css,978d6d75,ghostwritten,2025-11-01,12:06:39,+09:00,2025-11-01T12:06:39+09:00,0,7
style.css,242,css,978d6d75,ghostwritten,2025-11-01,12:06:39,+09:00,2025-11-01T12:06:39+09:00,0,33
style.css,243,css,978d6d75,ghostwritten,2025-11-01,12:06:39,+09:00,2025-11-01T12:06:39+09:00,0,0
style.css,244,css,978d6d75,ghostwritten,2025-11-01,12:06:39,+09:00,2025-11-01T12:06:39+09:00,0,0
style.css,245,css,978d6d75,ghostwritten,2025-11-01,12:06:39,+09:00,2025-11-01T12:06:39+09:00,0,16
style.css,246,css,978d6d75,ghostwritten,2025-11-01,12:06:39,+09:00,2025-11-01T12:06:39+09:00,0,26
style.css,247,css,978d6d75,ghostwritten,2025-11-01,12:06:39,+09:00,2025-11-01T12:06:39+09:00,0,0
style.css,248,css,978d6d75,ghostwritten,2025-11-01,12:06:39,+09:00,2025-11-01T12:06:39+09:00,0,0
style.css,249,css,978d6d75,ghostwritten,2025-11-01,12:06:39,+09:00,2025-11-01T12:06:39+09:00,0,15
style.css,250,css,978d6d75,ghostwritten,2025-11-01,12:06:39,+09:00,2025-11-01T12:06:39+09:00,0,14
style.css,251,css,978d6d75,ghostwritten,2025-11-01,12:06:39,+09:00,2025-11-01T12:06:39+09:00,1,9
style.css,252,css,978d6d75,ghostwritten,2025-11-01,12:06:39,+09:00,2025-11-01T12:06:39+09:00,0,0
style.css,253,css,978d6d75,ghostwritten,2025-11-01,12:06:39,+09:00,2025-11-01T12:06:39+09:00,0,0
style.css,254,css,b2fe562a,ghostwritten,2025-10-11,12:32:56,+09:00,2025-10-11T12:32:56+09:00,0,0
index.js,1,js,735bc095,ghostwritten,2025-10-25,10:30:36,+09:00,2025-10-25T10:30:36+09:00,0,67
index.js,2,js,735bc095,ghostwritten,2025-10-25,10:30:36,+09:00,2025-10-25T10:30:36+09:00,0,0
index.js,3,js,735bc095,ghostwritten,2025-10-25,10:30:36,+09:00,2025-10-25T10:30:36+09:00,0,52
index.js,4,js,735bc095,ghostwritten,2025-10-25,10:30:36,+09:00,2025-10-25T10:30:36+09:00,0,40
index.js,5,js,735bc095,ghostwritten,2025-10-25,10:30:36,+09:00,2025-10-25T10:30:36+09:00,0,54
index.js,6,js,735bc095,ghostwritten,2025-10-25,10:30:36,+09:00,2025-10-25T10:30:36+09:00,0,58
index.js,7,js,735bc095,ghostwritten,2025-10-25,10:30:36,+09:00,2025-10-25T10:30:36+09:00,0,0
index.js,8,js,735bc095,ghostwritten,2025-10-25,10:30:36,+09:00,2025-10-25T10:30:36+09:00,0,58
index.js,9,js,735bc095,ghostwritten,2025-10-25,10:30:36,+09:00,2025-10-25T10:30:36+09:00,0,0
index.js,10,js,735bc095,ghostwritten,2025-10-25,10:30:36,+09:00,2025-10-25T10:30:36+09:00,0,15
index.js,11,js,735bc095,ghostwritten,2025-10-25,10:30:36,+09:00,2025-10-25T10:30:36+09:00,0,22
index.js,12,js,735bc095,ghostwritten,2025-10-25,10:30:36,+09:00,2025-10-25T10:30:36+09:00,1,19
index.js,13,js,735bc095,ghostwritten,2025-10-25,10:30:36,+09:00,2025-10-25T10:30:36+09:00,1,17
index.js,14,js,735bc095,ghostwritten,2025-10-25,10:30:36,+09:00,2025-10-25T10:30:36+09:00,1,17
index.js,15,js,735bc095,ghostwritten,2025-10-25,10:30:36,+09:00,2025-10-25T10:30:36+09:00,1,14
index.js,16,js,735bc095,ghostwritten,2025-10-25,10:30:36,+09:00,2025-10-25T10:30:36+09:00,1,14
index.js,17,js,735bc095,ghostwritten,2025-10-25,10:30:36,+09:00,2025-10-25T10:30:36+09:00,0,0
index.js,18,js,735bc095,ghostwritten,2025-10-25,10:30:36,+09:00,2025-10-25T10:30:36+09:00,1,31
index.js,19,js,735bc095,ghostwritten,2025-10-25,10:30:36,+09:00,2025-10-25T10:30:36+09:00,1,31
index.js,20,js,735bc095,ghostwritten,2025-10-25,10:30:36,+09:00,2025-10-25T10:30:36+09:00,1,28
index.js,21,js,735bc095,ghostwritten,2025-10-25,10:30:36,+09:00,2025-10-25T10:30:36+09:00,1,28
index.js,22,js,735bc095,ghostwritten,2025-10-25,10:30:36,+09:00,2025-10-25T10:30:36+09:00,1,1
index.js,23,js,735bc095,ghostwritten,2025-10-25,10:30:36,+09:00,2025-10-25T10:30:36+09:00,0,0
index.js,24,js,735bc095,ghostwritten,2025-10-25,10:30:36,+09:00,2025-10-25T10:30:36+09:00,0,0
index.js,25,js,735bc095,ghostwritten,2025-10-25,10:30:36,+09:00,2025-10-25T10:30:36+09:00,0,0
index.js,26,js,978d6d75,ghostwritten,2025-11-01,12:06:39,+09:00,2025-11-01T12:06:39+09:00,0,52
index.html,1,html,ea32a2c,ghostwritten,2025-10-04,05:06:08,+09:00,2025-10-04T05:06:08+09:00,0,11
index.html,2,html,ea32a2c,ghostwritten,2025-10-04,05:06:08,+09:00,2025-10-04T05:06:08+09:00,0,12
index.html,3,html,ea32a2c,ghostwritten,2025-10-04,05:06:08,+09:00,2025-10-04T05:06:08+09:00,0,2
index.html,4,html,ea32a2c,ghostwritten,2025-10-04,05:06:08,+09:00,2025-10-04T05:06:08+09:00,1,18
index.html,5,html,b0c02194,ghostwritten,2025-10-04,06:13:10,+09:00,2025-10-04T06:13:10+09:00,1,36
index.html,6,html,0fcca2d8,ghostwritten,2025-10-18,13:54:52,+09:00,2025-10-18T13:54:52+09:00,1,45
index.html,7,html,ea32a2c,ghostwritten,2025-10-04,05:06:08,+09:00,2025-10-04T05:06:08+09:00,1,54
index.html,8,html,ea32a2c,ghostwritten,2025-10-04,05:06:08,+09:00,2025-10-04T05:06:08+09:00,0,3
index.html,9,html,ea32a2c,ghostwritten,2025-10-04,05:06:08,+09:00,2025-10-04T05:06:08+09:00,0,2
index.html,10,html,b0c02194,ghostwritten,2025-10-04,06:13:10,+09:00,2025-10-04T06:13:10+09:00,0,0
index.html,11,html,b2fe562a,ghostwritten,2025-10-11,12:32:56,+09:00,2025-10-11T12:32:56+09:00,1,19
index.html,12,html,b2fe562a,ghostwritten,2025-10-11,12:32:56,+09:00,2025-10-11T12:32:56+09:00,0,0
index.html,13,html,735bc095,ghostwritten,2025-10-25,10:30:36,+09:00,2025-10-25T10:30:36+09:00,1,26
index.html,14,html,735bc095,ghostwritten,2025-10-25,10:30:36,+09:00,2025-10-25T10:30:36+09:00,0,0
index.html,15,html,b0c02194,ghostwritten,2025-10-04,06:13:10,+09:00,2025-10-04T06:13:10+09:00,1,60
index.html,16,html,b0c02194,ghostwritten,2025-10-04,06:13:10,+09:00,2025-10-04T06:13:10+09:00,2,62
index.html,17,html,25058a0a,ghostwritten,2025-10-11,12:38:44,+09:00,2025-10-11T12:38:44+09:00,1,38
index.html,18,html,735bc095,ghostwritten,2025-10-25,10:30:36,+09:00,2025-10-25T10:30:36+09:00,0,0
index.html,19,html,735bc095,ghostwritten,2025-10-25,10:30:36,+09:00,2025-10-25T10:30:36+09:00,1,20
index.html,20,html,735bc095,ghostwritten,2025-10-25,10:30:36,+09:00,2025-10-25T10:30:36+09:00,2,18
index.html,21,html,735bc095,ghostwritten,2025-10-25,10:30:36,+09:00,2025-10-25T10:30:36+09:00,3,48
index.html,22,html,735bc095,ghostwritten,2025-10-25,10:30:36,+09:00,2025-10-25T10:30:36+09:00,2,2
index.html,23,html,735bc095,ghostwritten,2025-10-25,10:30:36,+09:00,2025-10-25T10:30:36+09:00,0,0
index.html,24,html,b0c02194,ghostwritten,2025-10-04,06:13:10,+09:00,2025-10-04T06:13:10+09:00,1,65
index.html,25,html,b2fe562a,ghostwritten,2025-10-11,12:32:56,+09:00,2025-10-11T12:32:56+09:00,1,77
index.html,26,html,b2fe562a,ghostwritten,2025-10-11,12:32:56,+09:00,2025-10-11T12:32:56+09:00,1,21
index.html,27,html,ea32a2c,ghostwritten,2025-10-04,05:06:08,+09:00,2025-10-04T05:06:08+09:00,0,0
index.html,28,html,b0c02194,ghostwritten,2025-10-04,06:13:10,+09:00,2025-10-04T06:13:10+09:00,1,63
index.html,29,html,ea32a2c,ghostwritten,2025-10-04,05:06:08,+09:00,2025-10-04T05:06:08+09:00,0,3
index.html,30,html,ea32a2c,ghostwritten,2025-10-04,05:06:08,+09:00,2025-10-04T05:06:08+09:00,0,3
global.js,1,js,0fcca2d8,ghostwritten,2025-10-18,13:54:52,+09:00,2025-10-18T13:54:52+09:00,0,39
global.js,2,js,0fcca2d8,ghostwritten,2025-10-18,13:54:52,+09:00,2025-10-18T13:54:52+09:00,0,50
global.js,3,js,0fcca2d8,ghostwritten,2025-10-18,13:54:52,+09:00,2025-10-18T13:54:52+09:00,0,0
global.js,4,js,0fcca2d8,ghostwritten,2025-10-18,13:54:52,+09:00,2025-10-18T13:54:52+09:00,0,0
global.js,5,js,0fcca2d8,ghostwritten,2025-10-18,13:54:52,+09:00,2025-10-18T13:54:52+09:00,0,9
global.js,6,js,0fcca2d8,ghostwritten,2025-10-18,13:54:52,+09:00,2025-10-18T13:54:52+09:00,0,23
global.js,7,js,0fcca2d8,ghostwritten,2025-10-18,13:54:52,+09:00,2025-10-18T13:54:52+09:00,0,34
global.js,8,js,0fcca2d8,ghostwritten,2025-10-18,13:54:52,+09:00,2025-10-18T13:54:52+09:00,0,35
global.js,9,js,0fcca2d8,ghostwritten,2025-10-18,13:54:52,+09:00,2025-10-18T13:54:52+09:00,0,32
global.js,10,js,00000000,Not Committed Yet,2025-11-07,15:12:32,-08:00,2025-11-07T15:12:32-08:00,0,27
global.js,11,js,0fcca2d8,ghostwritten,2025-10-18,13:54:52,+09:00,2025-10-18T13:54:52+09:00,0,57
global.js,12,js,0fcca2d8,ghostwritten,2025-10-18,13:54:52,+09:00,2025-10-18T13:54:52+09:00,0,0
global.js,13,js,0fcca2d8,ghostwritten,2025-10-18,13:54:52,+09:00,2025-10-18T13:54:52+09:00,0,0
global.js,14,js,0fcca2d8,ghostwritten,2025-10-18,13:54:52,+09:00,2025-10-18T13:54:52+09:00,0,36
global.js,15,js,0fcca2d8,ghostwritten,2025-10-18,13:54:52,+09:00,2025-10-18T13:54:52+09:00,0,23
global.js,16,js,0fcca2d8,ghostwritten,2025-10-18,13:54:52,+09:00,2025-10-18T13:54:52+09:00,0,0
global.js,17,js,0fcca2d8,ghostwritten,2025-10-18,13:54:52,+09:00,2025-10-18T13:54:52+09:00,0,13
global.js,18,js,0fcca2d8,ghostwritten,2025-10-18,13:54:52,+09:00,2025-10-18T13:54:52+09:00,0,66
global.js,19,js,0fcca2d8,ghostwritten,2025-10-18,13:54:52,+09:00,2025-10-18T13:54:52+09:00,1,1
global.js,20,js,0fcca2d8,ghostwritten,2025-10-18,13:54:52,+09:00,2025-10-18T13:54:52+09:00,1,12
global.js,21,js,0fcca2d8,ghostwritten,2025-10-18,13:54:52,+09:00,2025-10-18T13:54:52+09:00,0,0
global.js,22,js,0fcca2d8,ghostwritten,2025-10-18,13:54:52,+09:00,2025-10-18T13:54:52+09:00,0,29
global.js,23,js,0fcca2d8,ghostwritten,2025-10-18,13:54:52,+09:00,2025-10-18T13:54:52+09:00,0,63
global.js,24,js,0fcca2d8,ghostwritten,2025-10-18,13:54:52,+09:00,2025-10-18T13:54:52+09:00,0,43
global.js,25,js,0fcca2d8,ghostwritten,2025-10-18,13:54:52,+09:00,2025-10-18T13:54:52+09:00,0,0
global.js,26,js,0fcca2d8,ghostwritten,2025-10-18,13:54:52,+09:00,2025-10-18T13:54:52+09:00,0,0
global.js,27,js,37c36b2a,ghostwritten,2025-10-18,14:01:11,+09:00,2025-10-18T14:01:11+09:00,0,0
global.js,28,js,37c36b2a,ghostwritten,2025-10-18,14:01:11,+09:00,2025-10-18T14:01:11+09:00,0,29
global.js,29,js,37c36b2a,ghostwritten,2025-10-18,14:01:11,+09:00,2025-10-18T14:01:11+09:00,1,9
global.js,30,js,37c36b2a,ghostwritten,2025-10-18,14:01:11,+09:00,2025-10-18T14:01:11+09:00,1,0
global.js,31,js,37c36b2a,ghostwritten,2025-10-18,14:01:11,+09:00,2025-10-18T14:01:11+09:00,1,24
global.js,32,js,37c36b2a,ghostwritten,2025-10-18,14:01:11,+09:00,2025-10-18T14:01:11+09:00,1,2
global.js,33,js,37c36b2a,ghostwritten,2025-10-18,14:01:11,+09:00,2025-10-18T14:01:11+09:00,1,22
global.js,34,js,37c36b2a,ghostwritten,2025-10-18,14:01:11,+09:00,2025-10-18T14:01:11+09:00,2,41
global.js,35,js,37c36b2a,ghostwritten,2025-10-18,14:01:11,+09:00,2025-10-18T14:01:11+09:00,2,32
global.js,36,js,37c36b2a,ghostwritten,2025-10-18,14:01:11,+09:00,2025-10-18T14:01:11+09:00,2,30
global.js,37,js,37c36b2a,ghostwritten,2025-10-18,14:01:11,+09:00,2025-10-18T14:01:11+09:00,1,5
global.js,38,js,37c36b2a,ghostwritten,2025-10-18,14:01:11,+09:00,2025-10-18T14:01:11+09:00,1,4
global.js,39,js,37c36b2a,ghostwritten,2025-10-18,14:01:11,+09:00,2025-10-18T14:01:11+09:00,1,0
global.js,40,js,37c36b2a,ghostwritten,2025-10-18,14:01:11,+09:00,2025-10-18T14:01:11+09:00,0,0
global.js,41,js,37c36b2a,ghostwritten,2025-10-18,14:01:11,+09:00,2025-10-18T14:01:11+09:00,0,0
global.js,42,js,0fcca2d8,ghostwritten,2025-10-18,13:54:52,+09:00,2025-10-18T13:54:52+09:00,0,18
global.js,43,js,0fcca2d8,ghostwritten,2025-10-18,13:54:52,+09:00,2025-10-18T13:54:52+09:00,0,12
global.js,44,js,0fcca2d8,ghostwritten,2025-10-18,13:54:52,+09:00,2025-10-18T13:54:52+09:00,0,16
global.js,45,js,0fcca2d8,ghostwritten,2025-10-18,13:54:52,+09:00,2025-10-18T13:54:52+09:00,0,0
global.js,46,js,0fcca2d8,ghostwritten,2025-10-18,13:54:52,+09:00,2025-10-18T13:54:52+09:00,0,26
global.js,47,js,0fcca2d8,ghostwritten,2025-10-18,13:54:52,+09:00,2025-10-18T13:54:52+09:00,1,18
global.js,48,js,0fcca2d8,ghostwritten,2025-10-18,13:54:52,+09:00,2025-10-18T13:54:52+09:00,0,0
global.js,49,js,0fcca2d8,ghostwritten,2025-10-18,13:54:52,+09:00,2025-10-18T13:54:52+09:00,0,0
global.js,50,js,0fcca2d8,ghostwritten,2025-10-18,13:54:52,+09:00,2025-10-18T13:54:52+09:00,0,32
global.js,51,js,0fcca2d8,ghostwritten,2025-10-18,13:54:52,+09:00,2025-10-18T13:54:52+09:00,0,9
global.js,52,js,0fcca2d8,ghostwritten,2025-10-18,13:54:52,+09:00,2025-10-18T13:54:52+09:00,0,18
global.js,53,js,0fcca2d8,ghostwritten,2025-10-18,13:54:52,+09:00,2025-10-18T13:54:52+09:00,0,10
global.js,54,js,0fcca2d8,ghostwritten,2025-10-18,13:54:52,+09:00,2025-10-18T13:54:52+09:00,0,0
global.js,55,js,0fcca2d8,ghostwritten,2025-10-18,13:54:52,+09:00,2025-10-18T13:54:52+09:00,0,63
global.js,56,js,0fcca2d8,ghostwritten,2025-10-18,13:54:52,+09:00,2025-10-18T13:54:52+09:00,1,23
global.js,57,js,0fcca2d8,ghostwritten,2025-10-18,13:54:52,+09:00,2025-10-18T13:54:52+09:00,0,0
global.js,58,js,0fcca2d8,ghostwritten,2025-10-18,13:54:52,+09:00,2025-10-18T13:54:52+09:00,0,0
global.js,59,js,0fcca2d8,ghostwritten,2025-10-18,13:54:52,+09:00,2025-10-18T13:54:52+09:00,0,51
global.js,60,js,0fcca2d8,ghostwritten,2025-10-18,13:54:52,+09:00,2025-10-18T13:54:52+09:00,0,0
global.js,61,js,0fcca2d8,ghostwritten,2025-10-18,13:54:52,+09:00,2025-10-18T13:54:52+09:00,0,47
global.js,62,js,0fcca2d8,ghostwritten,2025-10-18,13:54:52,+09:00,2025-10-18T13:54:52+09:00,1,30
global.js,63,js,0fcca2d8,ghostwritten,2025-10-18,13:54:52,+09:00,2025-10-18T13:54:52+09:00,1,19
global.js,64,js,0fcca2d8,ghostwritten,2025-10-18,13:54:52,+09:00,2025-10-18T13:54:52+09:00,0,0
global.js,65,js,0fcca2d8,ghostwritten,2025-10-18,13:54:52,+09:00,2025-10-18T13:54:52+09:00,0,30
global.js,66,js,0fcca2d8,ghostwritten,2025-10-18,13:54:52,+09:00,2025-10-18T13:54:52+09:00,0,0
global.js,67,js,0fcca2d8,ghostwritten,2025-10-18,13:54:52,+09:00,2025-10-18T13:54:52+09:00,0,0
global.js,68,js,0fcca2d8,ghostwritten,2025-10-18,13:54:52,+09:00,2025-10-18T13:54:52+09:00,0,32
global.js,69,js,0fcca2d8,ghostwritten,2025-10-18,13:54:52,+09:00,2025-10-18T13:54:52+09:00,1,41
global.js,70,js,0fcca2d8,ghostwritten,2025-10-18,13:54:52,+09:00,2025-10-18T13:54:52+09:00,1,24
global.js,71,js,0fcca2d8,ghostwritten,2025-10-18,13:54:52,+09:00,2025-10-18T13:54:52+09:00,0,0
global.js,72,js,0fcca2d8,ghostwritten,2025-10-18,13:54:52,+09:00,2025-10-18T13:54:52+09:00,0,23
global.js,73,js,0fcca2d8,ghostwritten,2025-10-18,13:54:52,+09:00,2025-10-18T13:54:52+09:00,0,0
global.js,74,js,0fcca2d8,ghostwritten,2025-10-18,13:54:52,+09:00,2025-10-18T13:54:52+09:00,0,0
global.js,75,js,00fad51b,ghostwritten,2025-10-25,09:27:47,+09:00,2025-10-25T09:27:47+09:00,0,0
global.js,76,js,00fad51b,ghostwritten,2025-10-25,09:27:47,+09:00,2025-10-25T09:27:47+09:00,0,34
global.js,77,js,00fad51b,ghostwritten,2025-10-25,09:27:47,+09:00,2025-10-25T09:27:47+09:00,0,1
global.js,78,js,00fad51b,ghostwritten,2025-10-25,09:27:47,+09:00,2025-10-25T09:27:47+09:00,1,37
global.js,79,js,00fad51b,ghostwritten,2025-10-25,09:27:47,+09:00,2025-10-25T09:27:47+09:00,1,30
global.js,80,js,00fad51b,ghostwritten,2025-10-25,09:27:47,+09:00,2025-10-25T09:27:47+09:00,1,15
global.js,81,js,00fad51b,ghostwritten,2025-10-25,09:27:47,+09:00,2025-10-25T09:27:47+09:00,1,64
global.js,82,js,00fad51b,ghostwritten,2025-10-25,09:27:47,+09:00,2025-10-25T09:27:47+09:00,1,0
global.js,83,js,00fad51b,ghostwritten,2025-10-25,09:27:47,+09:00,2025-10-25T09:27:47+09:00,1,31
global.js,84,js,00fad51b,ghostwritten,2025-10-25,09:27:47,+09:00,2025-10-25T09:27:47+09:00,1,8
global.js,85,js,00fad51b,ghostwritten,2025-10-25,09:27:47,+09:00,2025-10-25T09:27:47+09:00,0,13
global.js,86,js,00fad51b,ghostwritten,2025-10-25,09:27:47,+09:00,2025-10-25T09:27:47+09:00,1,57
global.js,87,js,00fad51b,ghostwritten,2025-10-25,09:27:47,+09:00,2025-10-25T09:27:47+09:00,0,0
global.js,88,js,00fad51b,ghostwritten,2025-10-25,09:27:47,+09:00,2025-10-25T09:27:47+09:00,0,0
global.js,89,js,00fad51b,ghostwritten,2025-10-25,09:27:47,+09:00,2025-10-25T09:27:47+09:00,0,0
global.js,90,js,735bc095,ghostwritten,2025-10-25,10:30:36,+09:00,2025-10-25T10:30:36+09:00,0,77
global.js,91,js,00fad51b,ghostwritten,2025-10-25,09:27:47,+09:00,2025-10-25T09:27:47+09:00,0,28
global.js,92,js,00fad51b,ghostwritten,2025-10-25,09:27:47,+09:00,2025-10-25T09:27:47+09:00,0,0
global.js,93,js,00fad51b,ghostwritten,2025-10-25,09:27:47,+09:00,2025-10-25T09:27:47+09:00,0,27
global.js,94,js,00fad51b,ghostwritten,2025-10-25,09:27:47,+09:00,2025-10-25T09:27:47+09:00,1,46
global.js,95,js,00fad51b,ghostwritten,2025-10-25,09:27:47,+09:00,2025-10-25T09:27:47+09:00,0,0
global.js,96,js,00fad51b,ghostwritten,2025-10-25,09:27:47,+09:00,2025-10-25T09:27:47+09:00,1,17
global.js,97,js,735bc095,ghostwritten,2025-10-25,10:30:36,+09:00,2025-10-25T10:30:36+09:00,1,47
global.js,98,js,735bc095,ghostwritten,2025-10-25,10:30:36,+09:00,2025-10-25T10:30:36+09:00,1,64
global.js,99,js,735bc095,ghostwritten,2025-10-25,10:30:36,+09:00,2025-10-25T10:30:36+09:00,1,47
global.js,100,js,735bc095,ghostwritten,2025-10-25,10:30:36,+09:00,2025-10-25T10:30:36+09:00,1,25
global.js,101,js,00fad51b,ghostwritten,2025-10-25,09:27:47,+09:00,2025-10-25T09:27:47+09:00,1,0
global.js,102,js,00fad51b,ghostwritten,2025-10-25,09:27:47,+09:00,2025-10-25T09:27:47+09:00,0,0
global.js,103,js,00fad51b,ghostwritten,2025-10-25,09:27:47,+09:00,2025-10-25T09:27:47+09:00,1,34
global.js,104,js,735bc095,ghostwritten,2025-10-25,10:30:36,+09:00,2025-10-25T10:30:36+09:00,0,0
global.js,105,js,735bc095,ghostwritten,2025-10-25,10:30:36,+09:00,2025-10-25T10:30:36+09:00,0,0
global.js,106,js,735bc095,ghostwritten,2025-10-25,10:30:36,+09:00,2025-10-25T10:30:36+09:00,0,0
global.js,107,js,735bc095,ghostwritten,2025-10-25,10:30:36,+09:00,2025-10-25T10:30:36+09:00,0,0
global.js,108,js,735bc095,ghostwritten,2025-10-25,10:30:36,+09:00,2025-10-25T10:30:36+09:00,0,45
global.js,109,js,735bc095,ghostwritten,2025-10-25,10:30:36,+09:00,2025-10-25T10:30:36+09:00,0,57
global.js,110,js,00fad51b,ghostwritten,2025-10-25,09:27:47,+09:00,2025-10-25T09:27:47+09:00,0,0
resume\index.html,1,html,b0c02194,ghostwritten,2025-10-04,06:13:10,+09:00,2025-10-04T06:13:10+09:00,0,11
resume\index.html,2,html,b0c02194,ghostwritten,2025-10-04,06:13:10,+09:00,2025-10-04T06:13:10+09:00,0,12
resume\index.html,3,html,b0c02194,ghostwritten,2025-10-04,06:13:10,+09:00,2025-10-04T06:13:10+09:00,0,2
resume\index.html,4,html,b0c02194,ghostwritten,2025-10-04,06:13:10,+09:00,2025-10-04T06:13:10+09:00,1,18
resume\index.html,5,html,b0c02194,ghostwritten,2025-10-04,06:13:10,+09:00,2025-10-04T06:13:10+09:00,1,17
resume\index.html,6,html,b0c02194,ghostwritten,2025-10-04,06:13:10,+09:00,2025-10-04T06:13:10+09:00,1,39
resume\index.html,7,html,0fcca2d8,ghostwritten,2025-10-18,13:54:52,+09:00,2025-10-18T13:54:52+09:00,1,46
resume\index.html,8,html,0fcca2d8,ghostwritten,2025-10-18,13:54:52,+09:00,2025-10-18T13:54:52+09:00,0,0
resume\index.html,9,html,b0c02194,ghostwritten,2025-10-04,06:13:10,+09:00,2025-10-04T06:13:10+09:00,0,0
resume\index.html,10,html,b0c02194,ghostwritten,2025-10-04,06:13:10,+09:00,2025-10-04T06:13:10+09:00,0,0
resume\index.html,11,html,b2fe562a,ghostwritten,2025-10-11,12:32:56,+09:00,2025-10-11T12:32:56+09:00,1,19
resume\index.html,12,html,b2fe562a,ghostwritten,2025-10-11,12:32:56,+09:00,2025-10-11T12:32:56+09:00,1,41
resume\index.html,13,html,b2fe562a,ghostwritten,2025-10-11,12:32:56,+09:00,2025-10-11T12:32:56+09:00,0,0
resume\index.html,14,html,b0c02194,ghostwritten,2025-10-04,06:13:10,+09:00,2025-10-04T06:13:10+09:00,1,12
resume\index.html,15,html,b0c02194,ghostwritten,2025-10-04,06:13:10,+09:00,2025-10-04T06:13:10+09:00,1,1
resume\index.html,16,html,b0c02194,ghostwritten,2025-10-04,06:13:10,+09:00,2025-10-04T06:13:10+09:00,2,0
resume\index.html,17,html,b0c02194,ghostwritten,2025-10-04,06:13:10,+09:00,2025-10-04T06:13:10+09:00,3,35
resume\index.html,18,html,b0c02194,ghostwritten,2025-10-04,06:13:10,+09:00,2025-10-04T06:13:10+09:00,3,41
resume\index.html,19,html,b0c02194,ghostwritten,2025-10-04,06:13:10,+09:00,2025-10-04T06:13:10+09:00,3,37
resume\index.html,20,html,b0c02194,ghostwritten,2025-10-04,06:13:10,+09:00,2025-10-04T06:13:10+09:00,3,39
resume\index.html,21,html,b0c02194,ghostwritten,2025-10-04,06:13:10,+09:00,2025-10-04T06:13:10+09:00,3,33
resume\index.html,22,html,b0c02194,ghostwritten,2025-10-04,06:13:10,+09:00,2025-10-04T06:13:10+09:00,2,1
resume\index.html,23,html,b0c02194,ghostwritten,2025-10-04,06:13:10,+09:00,2025-10-04T06:13:10+09:00,1,2
resume\index.html,24,html,b0c02194,ghostwritten,2025-10-04,06:13:10,+09:00,2025-10-04T06:13:10+09:00,0,3
resume\index.html,25,html,b0c02194,ghostwritten,2025-10-04,06:13:10,+09:00,2025-10-04T06:13:10+09:00,0,2
resume\index.html,26,html,b0c02194,ghostwritten,2025-10-04,06:13:10,+09:00,2025-10-04T06:13:10+09:00,1,18
resume\index.html,27,html,b0c02194,ghostwritten,2025-10-04,06:13:10,+09:00,2025-10-04T06:13:10+09:00,1,12
resume\index.html,28,html,b0c02194,ghostwritten,2025-10-04,06:13:10,+09:00,2025-10-04T06:13:10+09:00,1,123
resume\index.html,29,html,b0c02194,ghostwritten,2025-10-04,06:13:10,+09:00,2025-10-04T06:13:10+09:00,1,6
resume\index.html,30,html,b0c02194,ghostwritten,2025-10-04,06:13:10,+09:00,2025-10-04T06:13:10+09:00,0,0
resume\index.html,31,html,b0c02194,ghostwritten,2025-10-04,06:13:10,+09:00,2025-10-04T06:13:10+09:00,1,21
resume\index.html,32,html,b0c02194,ghostwritten,2025-10-04,06:13:10,+09:00,2025-10-04T06:13:10+09:00,1,15
resume\index.html,33,html,b0c02194,ghostwritten,2025-10-04,06:13:10,+09:00,2025-10-04T06:13:10+09:00,0,0
resume\index.html,34,html,b0c02194,ghostwritten,2025-10-04,06:13:10,+09:00,2025-10-04T06:13:10+09:00,1,5
resume\index.html,35,html,b0c02194,ghostwritten,2025-10-04,06:13:10,+09:00,2025-10-04T06:13:10+09:00,2,4
resume\index.html,36,html,b0c02194,ghostwritten,2025-10-04,06:13:10,+09:00,2025-10-04T06:13:10+09:00,2,39
resume\index.html,37,html,b0c02194,ghostwritten,2025-10-04,06:13:10,+09:00,2025-10-04T06:13:10+09:00,2,95
resume\index.html,38,html,b0c02194,ghostwritten,2025-10-04,06:13:10,+09:00,2025-10-04T06:13:10+09:00,2,5
resume\index.html,39,html,b0c02194,ghostwritten,2025-10-04,06:13:10,+09:00,2025-10-04T06:13:10+09:00,2,0
resume\index.html,40,html,b0c02194,ghostwritten,2025-10-04,06:13:10,+09:00,2025-10-04T06:13:10+09:00,2,79
resume\index.html,41,html,b0c02194,ghostwritten,2025-10-04,06:13:10,+09:00,2025-10-04T06:13:10+09:00,2,69
resume\index.html,42,html,b0c02194,ghostwritten,2025-10-04,06:13:10,+09:00,2025-10-04T06:13:10+09:00,2,65
resume\index.html,43,html,b0c02194,ghostwritten,2025-10-04,06:13:10,+09:00,2025-10-04T06:13:10+09:00,2,1
resume\index.html,44,html,b0c02194,ghostwritten,2025-10-04,06:13:10,+09:00,2025-10-04T06:13:10+09:00,1,6
resume\index.html,45,html,b0c02194,ghostwritten,2025-10-04,06:13:10,+09:00,2025-10-04T06:13:10+09:00,0,0
resume\index.html,46,html,b0c02194,ghostwritten,2025-10-04,06:13:10,+09:00,2025-10-04T06:13:10+09:00,1,6
resume\index.html,47,html,b0c02194,ghostwritten,2025-10-04,06:13:10,+09:00,2025-10-04T06:13:10+09:00,0,0
resume\index.html,48,html,b0c02194,ghostwritten,2025-10-04,06:13:10,+09:00,2025-10-04T06:13:10+09:00,1,19
resume\index.html,49,html,b0c02194,ghostwritten,2025-10-04,06:13:10,+09:00,2025-10-04T06:13:10+09:00,1,13
resume\index.html,50,html,b0c02194,ghostwritten,2025-10-04,06:13:10,+09:00,2025-10-04T06:13:10+09:00,0,0
resume\index.html,51,html,b0c02194,ghostwritten,2025-10-04,06:13:10,+09:00,2025-10-04T06:13:10+09:00,1,5
resume\index.html,52,html,b0c02194,ghostwritten,2025-10-04,06:13:10,+09:00,2025-10-04T06:13:10+09:00,2,4
resume\index.html,53,html,b0c02194,ghostwritten,2025-10-04,06:13:10,+09:00,2025-10-04T06:13:10+09:00,2,19
resume\index.html,54,html,b0c02194,ghostwritten,2025-10-04,06:13:10,+09:00,2025-10-04T06:13:10+09:00,2,72
resume\index.html,55,html,b0c02194,ghostwritten,2025-10-04,06:13:10,+09:00,2025-10-04T06:13:10+09:00,2,5
resume\index.html,56,html,b0c02194,ghostwritten,2025-10-04,06:13:10,+09:00,2025-10-04T06:13:10+09:00,2,0
resume\index.html,57,html,b0c02194,ghostwritten,2025-10-04,06:13:10,+09:00,2025-10-04T06:13:10+09:00,2,74
resume\index.html,58,html,b0c02194,ghostwritten,2025-10-04,06:13:10,+09:00,2025-10-04T06:13:10+09:00,2,82
resume\index.html,59,html,b0c02194,ghostwritten,2025-10-04,06:13:10,+09:00,2025-10-04T06:13:10+09:00,2,1
resume\index.html,60,html,b0c02194,ghostwritten,2025-10-04,06:13:10,+09:00,2025-10-04T06:13:10+09:00,1,6
resume\index.html,61,html,b0c02194,ghostwritten,2025-10-04,06:13:10,+09:00,2025-10-04T06:13:10+09:00,0,0
resume\index.html,62,html,b0c02194,ghostwritten,2025-10-04,06:13:10,+09:00,2025-10-04T06:13:10+09:00,1,6
resume\index.html,63,html,b0c02194,ghostwritten,2025-10-04,06:13:10,+09:00,2025-10-04T06:13:10+09:00,0,0
resume\index.html,64,html,b0c02194,ghostwritten,2025-10-04,06:13:10,+09:00,2025-10-04T06:13:10+09:00,1,20
resume\index.html,65,html,b0c02194,ghostwritten,2025-10-04,06:13:10,+09:00,2025-10-04T06:13:10+09:00,1,14
resume\index.html,66,html,b0c02194,ghostwritten,2025-10-04,06:13:10,+09:00,2025-10-04T06:13:10+09:00,1,5
resume\index.html,67,html,b0c02194,ghostwritten,2025-10-04,06:13:10,+09:00,2025-10-04T06:13:10+09:00,2,4
resume\index.html,68,html,b0c02194,ghostwritten,2025-10-04,06:13:10,+09:00,2025-10-04T06:13:10+09:00,2,63
resume\index.html,69,html,b0c02194,ghostwritten,2025-10-04,06:13:10,+09:00,2025-10-04T06:13:10+09:00,2,86
resume\index.html,70,html,b0c02194,ghostwritten,2025-10-04,06:13:10,+09:00,2025-10-04T06:13:10+09:00,2,5
resume\index.html,71,html,b0c02194,ghostwritten,2025-10-04,06:13:10,+09:00,2025-10-04T06:13:10+09:00,2,0
resume\index.html,72,html,b0c02194,ghostwritten,2025-10-04,06:13:10,+09:00,2025-10-04T06:13:10+09:00,2,54
resume\index.html,73,html,b0c02194,ghostwritten,2025-10-04,06:13:10,+09:00,2025-10-04T06:13:10+09:00,2,1
resume\index.html,74,html,b0c02194,ghostwritten,2025-10-04,06:13:10,+09:00,2025-10-04T06:13:10+09:00,1,6
resume\index.html,75,html,b0c02194,ghostwritten,2025-10-04,06:13:10,+09:00,2025-10-04T06:13:10+09:00,1,6
resume\index.html,76,html,b0c02194,ghostwritten,2025-10-04,06:13:10,+09:00,2025-10-04T06:13:10+09:00,0,0
resume\index.html,77,html,b0c02194,ghostwritten,2025-10-04,06:13:10,+09:00,2025-10-04T06:13:10+09:00,1,17
resume\index.html,78,html,b0c02194,ghostwritten,2025-10-04,06:13:10,+09:00,2025-10-04T06:13:10+09:00,1,11
resume\index.html,79,html,b2fe562a,ghostwritten,2025-10-11,12:32:56,+09:00,2025-10-11T12:32:56+09:00,2,0
resume\index.html,80,html,b0c02194,ghostwritten,2025-10-04,06:13:10,+09:00,2025-10-04T06:13:10+09:00,1,0
resume\index.html,81,html,b0c02194,ghostwritten,2025-10-04,06:13:10,+09:00,2025-10-04T06:13:10+09:00,2,52
resume\index.html,82,html,b0c02194,ghostwritten,2025-10-04,06:13:10,+09:00,2025-10-04T06:13:10+09:00,2,52
resume\index.html,83,html,b0c02194,ghostwritten,2025-10-04,06:13:10,+09:00,2025-10-04T06:13:10+09:00,2,23
resume\index.html,84,html,b0c02194,ghostwritten,2025-10-04,06:13:10,+09:00,2025-10-04T06:13:10+09:00,1,1
resume\index.html,85,html,b0c02194,ghostwritten,2025-10-04,06:13:10,+09:00,2025-10-04T06:13:10+09:00,1,6
resume\index.html,86,html,b0c02194,ghostwritten,2025-10-04,06:13:10,+09:00,2025-10-04T06:13:10+09:00,0,3
resume\index.html,87,html,b0c02194,ghostwritten,2025-10-04,06:13:10,+09:00,2025-10-04T06:13:10+09:00,0,3
projects\projects.js,1,js,00fad51b,ghostwritten,2025-10-25,09:27:47,+09:00,2025-10-25T09:27:47+09:00,0,53
projects\projects.js,2,js,978d6d75,ghostwritten,2025-11-01,12:06:39,+09:00,2025-11-01T12:06:39+09:00,0,61
projects\projects.js,3,js,978d6d75,ghostwritten,2025-11-01,12:06:39,+09:00,2025-11-01T12:06:39+09:00,0,0
projects\projects.js,4,js,00fad51b,ghostwritten,2025-10-25,09:27:47,+09:00,2025-10-25T09:27:47+09:00,0,53
projects\projects.js,5,js,00fad51b,ghostwritten,2025-10-25,09:27:47,+09:00,2025-10-25T09:27:47+09:00,0,58
projects\projects.js,6,js,00fad51b,ghostwritten,2025-10-25,09:27:47,+09:00,2025-10-25T09:27:47+09:00,0,46
projects\projects.js,7,js,978d6d75,ghostwritten,2025-11-01,12:06:39,+09:00,2025-11-01T12:06:39+09:00,0,0
projects\projects.js,8,js,978d6d75,ghostwritten,2025-11-01,12:06:39,+09:00,2025-11-01T12:06:39+09:00,0,33
projects\projects.js,9,js,978d6d75,ghostwritten,2025-11-01,12:06:39,+09:00,2025-11-01T12:06:39+09:00,0,59
projects\projects.js,10,js,978d6d75,ghostwritten,2025-11-01,12:06:39,+09:00,2025-11-01T12:06:39+09:00,0,52
projects\projects.js,11,js,978d6d75,ghostwritten,2025-11-01,12:06:39,+09:00,2025-11-01T12:06:39+09:00,0,0
projects\projects.js,12,js,978d6d75,ghostwritten,2025-11-01,12:06:39,+09:00,2025-11-01T12:06:39+09:00,0,31
projects\projects.js,13,js,978d6d75,ghostwritten,2025-11-01,12:06:39,+09:00,2025-11-01T12:06:39+09:00,0,28
projects\projects.js,14,js,978d6d75,ghostwritten,2025-11-01,12:06:39,+09:00,2025-11-01T12:06:39+09:00,0,0
projects\projects.js,15,js,978d6d75,ghostwritten,2025-11-01,12:06:39,+09:00,2025-11-01T12:06:39+09:00,0,36
projects\projects.js,16,js,978d6d75,ghostwritten,2025-11-01,12:06:39,+09:00,2025-11-01T12:06:39+09:00,0,23
projects\projects.js,17,js,978d6d75,ghostwritten,2025-11-01,12:06:39,+09:00,2025-11-01T12:06:39+09:00,0,24
projects\projects.js,18,js,978d6d75,ghostwritten,2025-11-01,12:06:39,+09:00,2025-11-01T12:06:39+09:00,1,10
projects\projects.js,19,js,978d6d75,ghostwritten,2025-11-01,12:06:39,+09:00,2025-11-01T12:06:39+09:00,1,12
projects\projects.js,20,js,978d6d75,ghostwritten,2025-11-01,12:06:39,+09:00,2025-11-01T12:06:39+09:00,1,10
projects\projects.js,21,js,978d6d75,ghostwritten,2025-11-01,12:06:39,+09:00,2025-11-01T12:06:39+09:00,0,0
projects\projects.js,22,js,978d6d75,ghostwritten,2025-11-01,12:06:39,+09:00,2025-11-01T12:06:39+09:00,0,0
projects\projects.js,23,js,978d6d75,ghostwritten,2025-11-01,12:06:39,+09:00,2025-11-01T12:06:39+09:00,0,16
projects\projects.js,24,js,978d6d75,ghostwritten,2025-11-01,12:06:39,+09:00,2025-11-01T12:06:39+09:00,0,43
projects\projects.js,25,js,978d6d75,ghostwritten,2025-11-01,12:06:39,+09:00,2025-11-01T12:06:39+09:00,1,9
projects\projects.js,26,js,978d6d75,ghostwritten,2025-11-01,12:06:39,+09:00,2025-11-01T12:06:39+09:00,1,8
projects\projects.js,27,js,978d6d75,ghostwritten,2025-11-01,12:06:39,+09:00,2025-11-01T12:06:39+09:00,0,0
projects\projects.js,28,js,978d6d75,ghostwritten,2025-11-01,12:06:39,+09:00,2025-11-01T12:06:39+09:00,0,0
projects\projects.js,29,js,978d6d75,ghostwritten,2025-11-01,12:06:39,+09:00,2025-11-01T12:06:39+09:00,0,48
projects\projects.js,30,js,978d6d75,ghostwritten,2025-11-01,12:06:39,+09:00,2025-11-01T12:06:39+09:00,0,48
projects\projects.js,31,js,978d6d75,ghostwritten,2025-11-01,12:06:39,+09:00,2025-11-01T12:06:39+09:00,0,31
projects\projects.js,32,js,978d6d75,ghostwritten,2025-11-01,12:06:39,+09:00,2025-11-01T12:06:39+09:00,0,55
projects\projects.js,33,js,978d6d75,ghostwritten,2025-11-01,12:06:39,+09:00,2025-11-01T12:06:39+09:00,0,43
projects\projects.js,34,js,978d6d75,ghostwritten,2025-11-01,12:06:39,+09:00,2025-11-01T12:06:39+09:00,0,0
projects\projects.js,35,js,978d6d75,ghostwritten,2025-11-01,12:06:39,+09:00,2025-11-01T12:06:39+09:00,0,25
projects\projects.js,36,js,978d6d75,ghostwritten,2025-11-01,12:06:39,+09:00,2025-11-01T12:06:39+09:00,0,38
projects\projects.js,37,js,978d6d75,ghostwritten,2025-11-01,12:06:39,+09:00,2025-11-01T12:06:39+09:00,0,30
projects\projects.js,38,js,978d6d75,ghostwritten,2025-11-01,12:06:39,+09:00,2025-11-01T12:06:39+09:00,0,24
projects\projects.js,39,js,978d6d75,ghostwritten,2025-11-01,12:06:39,+09:00,2025-11-01T12:06:39+09:00,0,27
projects\projects.js,40,js,978d6d75,ghostwritten,2025-11-01,12:06:39,+09:00,2025-11-01T12:06:39+09:00,0,0
projects\projects.js,41,js,978d6d75,ghostwritten,2025-11-01,12:06:39,+09:00,2025-11-01T12:06:39+09:00,0,23
projects\projects.js,42,js,978d6d75,ghostwritten,2025-11-01,12:06:39,+09:00,2025-11-01T12:06:39+09:00,0,45
projects\projects.js,43,js,978d6d75,ghostwritten,2025-11-01,12:06:39,+09:00,2025-11-01T12:06:39+09:00,0,0
projects\projects.js,44,js,978d6d75,ghostwritten,2025-11-01,12:06:39,+09:00,2025-11-01T12:06:39+09:00,0,8
projects\projects.js,45,js,978d6d75,ghostwritten,2025-11-01,12:06:39,+09:00,2025-11-01T12:06:39+09:00,0,22
projects\projects.js,46,js,978d6d75,ghostwritten,2025-11-01,12:06:39,+09:00,2025-11-01T12:06:39+09:00,1,0
projects\projects.js,47,js,978d6d75,ghostwritten,2025-11-01,12:06:39,+09:00,2025-11-01T12:06:39+09:00,1,11
projects\projects.js,48,js,978d6d75,ghostwritten,2025-11-01,12:06:39,+09:00,2025-11-01T12:06:39+09:00,1,11
projects\projects.js,49,js,978d6d75,ghostwritten,2025-11-01,12:06:39,+09:00,2025-11-01T12:06:39+09:00,1,20
projects\projects.js,50,js,978d6d75,ghostwritten,2025-11-01,12:06:39,+09:00,2025-11-01T12:06:39+09:00,1,49
projects\projects.js,51,js,978d6d75,ghostwritten,2025-11-01,12:06:39,+09:00,2025-11-01T12:06:39+09:00,1,16
projects\projects.js,52,js,978d6d75,ghostwritten,2025-11-01,12:06:39,+09:00,2025-11-01T12:06:39+09:00,2,15
projects\projects.js,53,js,978d6d75,ghostwritten,2025-11-01,12:06:39,+09:00,2025-11-01T12:06:39+09:00,2,41
projects\projects.js,54,js,978d6d75,ghostwritten,2025-11-01,12:06:39,+09:00,2025-11-01T12:06:39+09:00,2,67
projects\projects.js,55,js,978d6d75,ghostwritten,2025-11-01,12:06:39,+09:00,2025-11-01T12:06:39+09:00,0,0
projects\projects.js,56,js,978d6d75,ghostwritten,2025-11-01,12:06:39,+09:00,2025-11-01T12:06:39+09:00,2,15
projects\projects.js,57,js,978d6d75,ghostwritten,2025-11-01,12:06:39,+09:00,2025-11-01T12:06:39+09:00,2,17
projects\projects.js,58,js,978d6d75,ghostwritten,2025-11-01,12:06:39,+09:00,2025-11-01T12:06:39+09:00,2,66
projects\projects.js,59,js,978d6d75,ghostwritten,2025-11-01,12:06:39,+09:00,2025-11-01T12:06:39+09:00,0,0
projects\projects.js,60,js,978d6d75,ghostwritten,2025-11-01,12:06:39,+09:00,2025-11-01T12:06:39+09:00,2,22
projects\projects.js,61,js,978d6d75,ghostwritten,2025-11-01,12:06:39,+09:00,2025-11-01T12:06:39+09:00,2,18
projects\projects.js,62,js,978d6d75,ghostwritten,2025-11-01,12:06:39,+09:00,2025-11-01T12:06:39+09:00,2,89
projects\projects.js,63,js,978d6d75,ghostwritten,2025-11-01,12:06:39,+09:00,2025-11-01T12:06:39+09:00,0,0
projects\projects.js,64,js,978d6d75,ghostwritten,2025-11-01,12:06:39,+09:00,2025-11-01T12:06:39+09:00,2,5
projects\projects.js,65,js,978d6d75,ghostwritten,2025-11-01,12:06:39,+09:00,2025-11-01T12:06:39+09:00,2,23
projects\projects.js,66,js,978d6d75,ghostwritten,2025-11-01,12:06:39,+09:00,2025-11-01T12:06:39+09:00,2,51
projects\projects.js,67,js,978d6d75,ghostwritten,2025-11-01,12:06:39,+09:00,2025-11-01T12:06:39+09:00,2,4
projects\projects.js,68,js,978d6d75,ghostwritten,2025-11-01,12:06:39,+09:00,2025-11-01T12:06:39+09:00,2,35
projects\projects.js,69,js,978d6d75,ghostwritten,2025-11-01,12:06:39,+09:00,2025-11-01T12:06:39+09:00,2,72
projects\projects.js,70,js,978d6d75,ghostwritten,2025-11-01,12:06:39,+09:00,2025-11-01T12:06:39+09:00,2,46
projects\projects.js,71,js,978d6d75,ghostwritten,2025-11-01,12:06:39,+09:00,2025-11-01T12:06:39+09:00,2,0
projects\projects.js,72,js,978d6d75,ghostwritten,2025-11-01,12:06:39,+09:00,2025-11-01T12:06:39+09:00,0,0
projects\projects.js,73,js,978d6d75,ghostwritten,2025-11-01,12:06:39,+09:00,2025-11-01T12:06:39+09:00,1,0
projects\projects.js,74,js,978d6d75,ghostwritten,2025-11-01,12:06:39,+09:00,2025-11-01T12:06:39+09:00,0,0
projects\projects.js,75,js,978d6d75,ghostwritten,2025-11-01,12:06:39,+09:00,2025-11-01T12:06:39+09:00,0,0
projects\projects.js,76,js,978d6d75,ghostwritten,2025-11-01,12:06:39,+09:00,2025-11-01T12:06:39+09:00,0,10
projects\projects.js,77,js,978d6d75,ghostwritten,2025-11-01,12:06:39,+09:00,2025-11-01T12:06:39+09:00,0,22
projects\projects.js,78,js,978d6d75,ghostwritten,2025-11-01,12:06:39,+09:00,2025-11-01T12:06:39+09:00,1,2
projects\projects.js,79,js,978d6d75,ghostwritten,2025-11-01,12:06:39,+09:00,2025-11-01T12:06:39+09:00,1,9
projects\projects.js,80,js,978d6d75,ghostwritten,2025-11-01,12:06:39,+09:00,2025-11-01T12:06:39+09:00,1,74
projects\projects.js,81,js,978d6d75,ghostwritten,2025-11-01,12:06:39,+09:00,2025-11-01T12:06:39+09:00,1,36
projects\projects.js,82,js,978d6d75,ghostwritten,2025-11-01,12:06:39,+09:00,2025-11-01T12:06:39+09:00,1,66
projects\projects.js,83,js,978d6d75,ghostwritten,2025-11-01,12:06:39,+09:00,2025-11-01T12:06:39+09:00,1,16
projects\projects.js,84,js,978d6d75,ghostwritten,2025-11-01,12:06:39,+09:00,2025-11-01T12:06:39+09:00,2,15
projects\projects.js,85,js,978d6d75,ghostwritten,2025-11-01,12:06:39,+09:00,2025-11-01T12:06:39+09:00,2,45
projects\projects.js,86,js,978d6d75,ghostwritten,2025-11-01,12:06:39,+09:00,2025-11-01T12:06:39+09:00,2,67
projects\projects.js,87,js,978d6d75,ghostwritten,2025-11-01,12:06:39,+09:00,2025-11-01T12:06:39+09:00,0,0
projects\projects.js,88,js,978d6d75,ghostwritten,2025-11-01,12:06:39,+09:00,2025-11-01T12:06:39+09:00,2,11
projects\projects.js,89,js,978d6d75,ghostwritten,2025-11-01,12:06:39,+09:00,2025-11-01T12:06:39+09:00,2,17
projects\projects.js,90,js,978d6d75,ghostwritten,2025-11-01,12:06:39,+09:00,2025-11-01T12:06:39+09:00,2,62
projects\projects.js,91,js,978d6d75,ghostwritten,2025-11-01,12:06:39,+09:00,2025-11-01T12:06:39+09:00,0,0
projects\projects.js,92,js,978d6d75,ghostwritten,2025-11-01,12:06:39,+09:00,2025-11-01T12:06:39+09:00,2,13
projects\projects.js,93,js,978d6d75,ghostwritten,2025-11-01,12:06:39,+09:00,2025-11-01T12:06:39+09:00,2,18
projects\projects.js,94,js,978d6d75,ghostwritten,2025-11-01,12:06:39,+09:00,2025-11-01T12:06:39+09:00,2,85
projects\projects.js,95,js,978d6d75,ghostwritten,2025-11-01,12:06:39,+09:00,2025-11-01T12:06:39+09:00,1,0
projects\projects.js,96,js,978d6d75,ghostwritten,2025-11-01,12:06:39,+09:00,2025-11-01T12:06:39+09:00,0,0
projects\projects.js,97,js,978d6d75,ghostwritten,2025-11-01,12:06:39,+09:00,2025-11-01T12:06:39+09:00,0,0
projects\projects.js,98,js,978d6d75,ghostwritten,2025-11-01,12:06:39,+09:00,2025-11-01T12:06:39+09:00,0,0
projects\projects.js,99,js,978d6d75,ghostwritten,2025-11-01,12:06:39,+09:00,2025-11-01T12:06:39+09:00,0,30
projects\projects.js,100,js,978d6d75,ghostwritten,2025-11-01,12:06:39,+09:00,2025-11-01T12:06:39+09:00,0,21
projects\projects.js,101,js,978d6d75,ghostwritten,2025-11-01,12:06:39,+09:00,2025-11-01T12:06:39+09:00,0,0
projects\projects.js,102,js,978d6d75,ghostwritten,2025-11-01,12:06:39,+09:00,2025-11-01T12:06:39+09:00,0,14
projects\projects.js,103,js,978d6d75,ghostwritten,2025-11-01,12:06:39,+09:00,2025-11-01T12:06:39+09:00,0,11
projects\projects.js,104,js,978d6d75,ghostwritten,2025-11-01,12:06:39,+09:00,2025-11-01T12:06:39+09:00,0,51
projects\projects.js,105,js,978d6d75,ghostwritten,2025-11-01,12:06:39,+09:00,2025-11-01T12:06:39+09:00,0,0
projects\projects.js,106,js,978d6d75,ghostwritten,2025-11-01,12:06:39,+09:00,2025-11-01T12:06:39+09:00,0,47
projects\projects.js,107,js,978d6d75,ghostwritten,2025-11-01,12:06:39,+09:00,2025-11-01T12:06:39+09:00,0,49
projects\projects.js,108,js,978d6d75,ghostwritten,2025-11-01,12:06:39,+09:00,2025-11-01T12:06:39+09:00,1,23
projects\projects.js,109,js,978d6d75,ghostwritten,2025-11-01,12:06:39,+09:00,2025-11-01T12:06:39+09:00,1,57
projects\projects.js,110,js,978d6d75,ghostwritten,2025-11-01,12:06:39,+09:00,2025-11-01T12:06:39+09:00,1,40
projects\projects.js,111,js,978d6d75,ghostwritten,2025-11-01,12:06:39,+09:00,2025-11-01T12:06:39+09:00,0,0
projects\projects.js,112,js,978d6d75,ghostwritten,2025-11-01,12:06:39,+09:00,2025-11-01T12:06:39+09:00,0,0
projects\projects.js,113,js,978d6d75,ghostwritten,2025-11-01,12:06:39,+09:00,2025-11-01T12:06:39+09:00,0,23
projects\projects.js,114,js,978d6d75,ghostwritten,2025-11-01,12:06:39,+09:00,2025-11-01T12:06:39+09:00,1,87
projects\projects.js,115,js,978d6d75,ghostwritten,2025-11-01,12:06:39,+09:00,2025-11-01T12:06:39+09:00,0,0
projects\projects.js,116,js,978d6d75,ghostwritten,2025-11-01,12:06:39,+09:00,2025-11-01T12:06:39+09:00,0,0
projects\projects.js,117,js,978d6d75,ghostwritten,2025-11-01,12:06:39,+09:00,2025-11-01T12:06:39+09:00,0,50
projects\projects.js,118,js,978d6d75,ghostwritten,2025-11-01,12:06:39,+09:00,2025-11-01T12:06:39+09:00,0,29
projects\projects.js,119,js,978d6d75,ghostwritten,2025-11-01,12:06:39,+09:00,2025-11-01T12:06:39+09:00,0,54
projects\projects.js,120,js,978d6d75,ghostwritten,2025-11-01,12:06:39,+09:00,2025-11-01T12:06:39+09:00,0,29
projects\projects.js,121,js,978d6d75,ghostwritten,2025-11-01,12:06:39,+09:00,2025-11-01T12:06:39+09:00,0,0
projects\index.html,1,html,b0c02194,ghostwritten,2025-10-04,06:13:10,+09:00,2025-10-04T06:13:10+09:00,0,11
projects\index.html,2,html,b0c02194,ghostwritten,2025-10-04,06:13:10,+09:00,2025-10-04T06:13:10+09:00,0,12
projects\index.html,3,html,b0c02194,ghostwritten,2025-10-04,06:13:10,+09:00,2025-10-04T06:13:10+09:00,0,2
projects\index.html,4,html,b0c02194,ghostwritten,2025-10-04,06:13:10,+09:00,2025-10-04T06:13:10+09:00,1,18
projects\index.html,5,html,b0c02194,ghostwritten,2025-10-04,06:13:10,+09:00,2025-10-04T06:13:10+09:00,1,39
projects\index.html,6,html,46b63a01,ghostwritten,2025-10-25,09:05:14,+09:00,2025-10-25T09:05:14+09:00,1,46
projects\index.html,7,html,b0c02194,ghostwritten,2025-10-04,06:13:10,+09:00,2025-10-04T06:13:10+09:00,1,19
projects\index.html,8,html,b0c02194,ghostwritten,2025-10-04,06:13:10,+09:00,2025-10-04T06:13:10+09:00,0,3
projects\index.html,9,html,b0c02194,ghostwritten,2025-10-04,06:13:10,+09:00,2025-10-04T06:13:10+09:00,0,2
projects\index.html,10,html,978d6d75,ghostwritten,2025-11-01,12:06:39,+09:00,2025-11-01T12:06:39+09:00,1,36
projects\index.html,11,html,978d6d75,ghostwritten,2025-11-01,12:06:39,+09:00,2025-11-01T12:06:39+09:00,0,0
projects\index.html,12,html,978d6d75,ghostwritten,2025-11-01,12:06:39,+09:00,2025-11-01T12:06:39+09:00,1,15
projects\index.html,13,html,978d6d75,ghostwritten,2025-11-01,12:06:39,+09:00,2025-11-01T12:06:39+09:00,1,81
projects\index.html,14,html,978d6d75,ghostwritten,2025-11-01,12:06:39,+09:00,2025-11-01T12:06:39+09:00,1,20
projects\index.html,15,html,978d6d75,ghostwritten,2025-11-01,12:06:39,+09:00,2025-11-01T12:06:39+09:00,1,2
projects\index.html,16,html,978d6d75,ghostwritten,2025-11-01,12:06:39,+09:00,2025-11-01T12:06:39+09:00,0,0
projects\index.html,17,html,978d6d75,ghostwritten,2025-11-01,12:06:39,+09:00,2025-11-01T12:06:39+09:00,1,2
projects\index.html,18,html,978d6d75,ghostwritten,2025-11-01,12:06:39,+09:00,2025-11-01T12:06:39+09:00,1,13
projects\index.html,19,html,978d6d75,ghostwritten,2025-11-01,12:06:39,+09:00,2025-11-01T12:06:39+09:00,1,9
projects\index.html,20,html,978d6d75,ghostwritten,2025-11-01,12:06:39,+09:00,2025-11-01T12:06:39+09:00,1,24
projects\index.html,21,html,978d6d75,ghostwritten,2025-11-01,12:06:39,+09:00,2025-11-01T12:06:39+09:00,1,29
projects\index.html,22,html,978d6d75,ghostwritten,2025-11-01,12:06:39,+09:00,2025-11-01T12:06:39+09:00,1,0
projects\index.html,23,html,978d6d75,ghostwritten,2025-11-01,12:06:39,+09:00,2025-11-01T12:06:39+09:00,0,0
projects\index.html,24,html,b2fe562a,ghostwritten,2025-10-11,12:32:56,+09:00,2025-10-11T12:32:56+09:00,1,18
projects\index.html,25,html,bef8dbc0,ghostwritten,2025-10-25,09:25:57,+09:00,2025-10-25T09:25:57+09:00,2,46
projects\index.html,26,html,bef8dbc0,ghostwritten,2025-10-25,09:25:57,+09:00,2025-10-25T09:25:57+09:00,2,45
projects\index.html,27,html,b2fe562a,ghostwritten,2025-10-11,12:32:56,+09:00,2025-10-11T12:32:56+09:00,1,2
projects\index.html,28,html,b0c02194,ghostwritten,2025-10-04,06:13:10,+09:00,2025-10-04T06:13:10+09:00,0,3
projects\index.html,29,html,978d6d75,ghostwritten,2025-11-01,12:06:39,+09:00,2025-11-01T12:06:39+09:00,0,0
projects\index.html,30,html,b0c02194,ghostwritten,2025-10-04,06:13:10,+09:00,2025-10-04T06:13:10+09:00,0,3
meta\index.html,1,html,00000000,Not Committed Yet,2025-11-07,15:12:32,-08:00,2025-11-07T15:12:32-08:00,0,11
meta\index.html,2,html,00000000,Not Committed Yet,2025-11-07,15:12:32,-08:00,2025-11-07T15:12:32-08:00,0,12
meta\index.html,3,html,00000000,Not Committed Yet,2025-11-07,15:12:32,-08:00,2025-11-07T15:12:32-08:00,0,2
meta\index.html,4,html,00000000,Not Committed Yet,2025-11-07,15:12:32,-08:00,2025-11-07T15:12:32-08:00,1,18
meta\index.html,5,html,00000000,Not Committed Yet,2025-11-07,15:12:32,-08:00,2025-11-07T15:12:32-08:00,1,39
meta\index.html,6,html,00000000,Not Committed Yet,2025-11-07,15:12:32,-08:00,2025-11-07T15:12:32-08:00,1,46
meta\index.html,7,html,00000000,Not Committed Yet,2025-11-07,15:12:32,-08:00,2025-11-07T15:12:32-08:00,1,15
meta\index.html,8,html,00000000,Not Committed Yet,2025-11-07,15:12:32,-08:00,2025-11-07T15:12:32-08:00,0,3
meta\index.html,9,html,00000000,Not Committed Yet,2025-11-07,15:12:32,-08:00,2025-11-07T15:12:32-08:00,0,2
meta\index.html,10,html,00000000,Not Committed Yet,2025-11-07,15:12:32,-08:00,2025-11-07T15:12:32-08:00,1,13
meta\index.html,11,html,00000000,Not Committed Yet,2025-11-07,15:12:32,-08:00,2025-11-07T15:12:32-08:00,1,59
meta\index.html,12,html,00000000,Not Committed Yet,2025-11-07,15:12:32,-08:00,2025-11-07T15:12:32-08:00,0,3
meta\index.html,13,html,00000000,Not Committed Yet,2025-11-07,15:12:32,-08:00,2025-11-07T15:12:32-08:00,0,0
meta\index.html,14,html,00000000,Not Committed Yet,2025-11-07,15:12:32,-08:00,2025-11-07T15:12:32-08:00,0,3
contact\index.html,1,html,b0c02194,ghostwritten,2025-10-04,06:13:10,+09:00,2025-10-04T06:13:10+09:00,0,11
contact\index.html,2,html,b0c02194,ghostwritten,2025-10-04,06:13:10,+09:00,2025-10-04T06:13:10+09:00,0,12
contact\index.html,3,html,b0c02194,ghostwritten,2025-10-04,06:13:10,+09:00,2025-10-04T06:13:10+09:00,0,2
contact\index.html,4,html,b0c02194,ghostwritten,2025-10-04,06:13:10,+09:00,2025-10-04T06:13:10+09:00,1,18
contact\index.html,5,html,b0c02194,ghostwritten,2025-10-04,06:13:10,+09:00,2025-10-04T06:13:10+09:00,1,39
contact\index.html,6,html,0fcca2d8,ghostwritten,2025-10-18,13:54:52,+09:00,2025-10-18T13:54:52+09:00,1,46
contact\index.html,7,html,b0c02194,ghostwritten,2025-10-04,06:13:10,+09:00,2025-10-04T06:13:10+09:00,1,18
contact\index.html,8,html,b0c02194,ghostwritten,2025-10-04,06:13:10,+09:00,2025-10-04T06:13:10+09:00,0,3
contact\index.html,9,html,b0c02194,ghostwritten,2025-10-04,06:13:10,+09:00,2025-10-04T06:13:10+09:00,0,2
contact\index.html,10,html,b0c02194,ghostwritten,2025-10-04,06:13:10,+09:00,2025-10-04T06:13:10+09:00,0,0
contact\index.html,11,html,b2fe562a,ghostwritten,2025-10-11,12:32:56,+09:00,2025-10-11T12:32:56+09:00,1,12
contact\index.html,12,html,b2fe562a,ghostwritten,2025-10-11,12:32:56,+09:00,2025-10-11T12:32:56+09:00,0,0
contact\index.html,13,html,b2fe562a,ghostwritten,2025-10-11,12:32:56,+09:00,2025-10-11T12:32:56+09:00,1,78
contact\index.html,14,html,b0c02194,ghostwritten,2025-10-04,06:13:10,+09:00,2025-10-04T06:13:10+09:00,2,3
contact\index.html,15,html,b0c02194,ghostwritten,2025-10-04,06:13:10,+09:00,2025-10-04T06:13:10+09:00,3,14
contact\index.html,16,html,b0c02194,ghostwritten,2025-10-04,06:13:10,+09:00,2025-10-04T06:13:10+09:00,3,0
contact\index.html,17,html,b0c02194,ghostwritten,2025-10-04,06:13:10,+09:00,2025-10-04T06:13:10+09:00,3,29
contact\index.html,18,html,b0c02194,ghostwritten,2025-10-04,06:13:10,+09:00,2025-10-04T06:13:10+09:00,2,4
contact\index.html,19,html,b0c02194,ghostwritten,2025-10-04,06:13:10,+09:00,2025-10-04T06:13:10+09:00,0,0
contact\index.html,20,html,b2fe562a,ghostwritten,2025-10-11,12:32:56,+09:00,2025-10-11T12:32:56+09:00,2,3
contact\index.html,21,html,b0c02194,ghostwritten,2025-10-04,06:13:10,+09:00,2025-10-04T06:13:10+09:00,3,3
contact\index.html,22,html,b0c02194,ghostwritten,2025-10-04,06:13:10,+09:00,2025-10-04T06:13:10+09:00,3,0
contact\index.html,23,html,b0c02194,ghostwritten,2025-10-04,06:13:10,+09:00,2025-10-04T06:13:10+09:00,3,18
contact\index.html,24,html,b0c02194,ghostwritten,2025-10-04,06:13:10,+09:00,2025-10-04T06:13:10+09:00,2,4
contact\index.html,25,html,b0c02194,ghostwritten,2025-10-04,06:13:10,+09:00,2025-10-04T06:13:10+09:00,0,0
contact\index.html,26,html,b2fe562a,ghostwritten,2025-10-11,12:32:56,+09:00,2025-10-11T12:32:56+09:00,2,3
contact\index.html,27,html,b0c02194,ghostwritten,2025-10-04,06:13:10,+09:00,2025-10-04T06:13:10+09:00,3,10
contact\index.html,28,html,b0c02194,ghostwritten,2025-10-04,06:13:10,+09:00,2025-10-04T06:13:10+09:00,3,0
contact\index.html,29,html,b0c02194,ghostwritten,2025-10-04,06:13:10,+09:00,2025-10-04T06:13:10+09:00,3,29
contact\index.html,30,html,b0c02194,ghostwritten,2025-10-04,06:13:10,+09:00,2025-10-04T06:13:10+09:00,2,4
contact\index.html,31,html,b0c02194,ghostwritten,2025-10-04,06:13:10,+09:00,2025-10-04T06:13:10+09:00,0,0
contact\index.html,32,html,b2fe562a,ghostwritten,2025-10-11,12:32:56,+09:00,2025-10-11T12:32:56+09:00,2,33
contact\index.html,33,html,b0c02194,ghostwritten,2025-10-04,06:13:10,+09:00,2025-10-04T06:13:10+09:00,1,3
contact\index.html,34,html,b0c02194,ghostwritten,2025-10-04,06:13:10,+09:00,2025-10-04T06:13:10+09:00,0,3
contact\index.html,35,html,b0c02194,ghostwritten,2025-10-04,06:13:10,+09:00,2025-10-04T06:13:10+09:00,0,3
